institution_name,cluster_post,cluster_pre,ass_total_pre,size_class
Aachener Bank eG,0,0,782.761,large
Abtsgmünder Bank -Raiffeisen- eG,0,0,133.935,small
Airbus Group Bank GmbH,2,2,390.672,medium
Allgäuer Volksbank eG Kempten-Sonthofen,0,2,382.907,medium
Alxing-Brucker Genossenschaftsbank eG,0,0,20.286,small
Andelsbanken Raseborg,2,2,313.91,medium
Augusta-Bank eG Raiffeisen-Volksbank,0,0,1201.985,large
BAG Bankaktiengesellschaft,2,2,2445.242,large
BANK IM BISTUM ESSEN eG,0,0,4117.654,large
BBBank eG,0,0,7200.545,large
BCC Umbria Credito cooperativo SC,1,2,432.152,medium
BCC del Crotonese – Credito Cooperativo SC,1,3,135.036,small
Banca Adria Credito Cooperativo del Delta SC,1,2,575.067,large
Banca Agricola Popolare di Ragusa,2,2,4387.459,large
Banca Alpi Marittime – Credito Cooperativo Carrù SCpA,1,2,1028.048,large
Banca Alto Vicentino Credito Cooperativo di Schio e Pedemonte SC,1,2,422.268,medium
Banca Annia - Credito Cooperativo di Cartura e del Polesine SC,0,2,500.435,medium
Banca Area Pratese Credito Cooperativo SC,2,3,383.679,medium
Banca Atestina di Credito Cooperativo,1,2,477.282,medium
Banca Cassa di Risparmio di Savigliano SpA,1,2,1011.944,large
Banca Centro Emilia - Credito Cooperativo SC,1,2,477.765,medium
Banca Centropadana Credito Cooperativo Scrl,1,2,1552.966,large
Banca Cras Credito Cooperativo Toscano – Siena,1,2,715.079,large
Banca Cremasca Credito Cooperativo SC,1,1,596.844,large
Banca Don Rizzo Credito Cooperativo della Sicilia Occidentale SC,1,2,422.614,medium
Banca Malatestiana Credito Cooperativo SC,1,2,1352.623,large
Banca Padovana Credito Cooperativo - SC,3,3,2260.507,large
Banca Picena Truentina Credito Cooperativo - SC,1,2,634.108,large
Banca Popolare Etica SCpA,0,2,749.674,large
Banca Popolare Sant'Angelo SCRL,1,2,934.54,large
Banca Popolare Valconca SCpA,2,2,1014.818,large
Banca Popolare del Cassinate SCpA,1,0,618.4,large
Banca Popolare del Frusinate - SCpA,1,0,458.176,medium
Banca Popolare del Lazio SCpA,2,2,1697.018,large
Banca Popolare dell'Alto Adige SCpA,2,2,4981.817,large
Banca Popolare delle Province Calabre SCpA,3,3,28.671,small
Banca Popolare delle Province Molisane SCpA,2,2,63.235,small
"Banca Popolare di Bari, SCpA",1,2,7285.762,large
Banca Popolare di Cividale SCpA,1,2,4419.892,large
Banca Popolare di Cortona SCpA,1,2,245.878,medium
Banca Popolare di Fondi SC,2,2,685.191,large
Banca Popolare di Lajatico SCpA,2,2,656.504,large
Banca Popolare di Milano Scarl,1,2,43954.244999999995,large
Banca Popolare di Puglia e Basilicata SCpA,1,2,4459.697,large
Banca Popolare di Vicenza SpA,1,2,28933.33,large
Banca Regionale di Sviluppo SpA,3,2,536.037,large
Banca Romagna Cooperativa – Credito Cooperativo Romagna Centro e Macerone SC,3,2,1197.921,large
Banca San Biagio del Veneto Orientale di Cesarolo,1,2,790.226,large
Banca San Giorgio Quinto Valle Agno Credito Cooperativo SC,1,2,1005.455,large
Banca Santo Stefano Credito Cooperativo Martellago - Venezia Società Cooperativa,1,2,851.523,large
Banca Suasa - Credito Cooperativo - SC,1,2,270.057,medium
Banca Valdichiana Credito Cooperativo Di Chiusi E Montepulciano SC,2,2,293.827,medium
"Banca Valdichiana Credito Cooperativo Tosco-Umbro, Societa Cooperativa",1,2,615.016,large
Banca Versilia Lunigiana e Garfagnana - Credito Cooperativo - SC,1,2,902.093,large
Banca dei Colli Euganei - Credito Cooperativo - Lozzo Atestino SC,1,2,320.637,medium
Banca dei Sibillini Credito Cooperativo di Casavecchia SC,0,2,93.974,small
Banca del Centroveneto - Credito Cooperativo – SC – Longare,1,2,983.583,large
"Banca del Cilento, di Sassano e del Vallo di Diano e della Lucania",1,2,274.016,medium
Banca del Fermano - Credito Cooperativo – SC,1,2,41.176,small
Banca del Mugello Credito Cooperativo – SC,1,2,442.457,medium
Banca del Territorio Lombardo Credito Cooperativo - SC,1,2,2252.309,large
Banca del Valdarno - Credito Cooperativo - SC,1,2,509.324,medium
Banca dell'Alta Murgia Credito Cooperativo SC,0,2,72.513,small
Banca dell'Elba Credito Cooperativo SC,2,2,72.009,small
Banca della Marca Credito Cooperativo SC,2,2,1826.432,large
Banca della Maremma – Credito Cooperativo di Grosseto - SC,1,2,416.879,medium
Banca della Nuova Terra SpA,3,2,506.979,medium
Banca di Ancona Credito Cooperativo SC,1,2,264.896,medium
Banca di Andria di Credito Cooperativo SCpA a Responsabilità Limitata,0,2,34.299,small
Banca di Anghiari e Stia Credito Cooperativo SC,1,2,488.201,medium
Banca di Bedizzole Turano Valvestino Credito Cooperativo SC,1,2,638.523,large
Banca di Bologna Credito Cooperativo Società Cooperativa,1,2,1769.987,large
Banca di Capranica Credito Cooperativo SC,1,2,157.846,small
Banca di Caraglio del Cuneese e della Riviera dei Fiori Credito Cooperativo SC,1,2,1045.41,large
Banca di Carnia e Gemonese Credito Cooperativo - SC,1,2,206.604,medium
Banca di Cascina Credito Cooperativo SC,2,2,270.889,medium
Banca di Credito Cooperativo Abruzzese Cappelle sul Tavo SC,1,2,333.235,medium
Banca di Credito Cooperativo Agrigentino SC,1,1,44.969,small
Banca di Credito Cooperativo Agrobresciano SC,1,2,1240.377,large
Banca di Credito Cooperativo Antonello da Messina SC,1,1,45.205,small
Banca di Credito Cooperativo Bergamasca e Orobica SC,1,2,811.93,large
Banca di Credito Cooperativo Bergamo e Valli,1,3,358.311,medium
Banca di Credito Cooperativo Centro Calabria SC,1,0,259.906,medium
Banca di Credito Cooperativo Colli Morenici del Garda - SC,1,2,1760.035,large
Banca di Credito Cooperativo Don Stella di Resuttano – SC,0,0,59.734,small
Banca di Credito Cooperativo Giuseppe Toniolo - SC,1,2,353.607,medium
Banca di Credito Cooperativo La Riscossa di Regalbuto SC,1,0,291.671,medium
Banca di Credito Cooperativo Laudense - Lodi SC,1,1,288.298,medium
Banca di Credito Cooperativo Mediocrati,1,0,454.106,medium
Banca di Credito Cooperativo Monte Pruno di Roscigno e di Laurino SC,0,2,253.998,medium
Banca di Credito Cooperativo Orobica di Bariano e Cologno al Serio SC,1,2,561.719,large
Banca di Credito Cooperativo Picena SC,1,1,620.864,large
Banca di Credito Cooperativo Pordenonese - SC,1,2,1066.255,large
Banca di Credito Cooperativo San Vincenzo de Paoli” di Casagiove,0,0,144.375,small
Banca di Credito Cooperativo Sangro Teatina di Atessa SC,1,0,327.141,medium
Banca di Credito Cooperativo Sen. Pietro Grammatico” di Paceco SC,3,2,152.395,small
Banca di Credito Cooperativo Valdostana - Coopérative de Crédit Valdôtaine - SC,1,2,590.834,large
Banca di Credito Cooperativo Vicentino - Pojana Maggiore (Vicenza) SC,1,2,550.826,large
Banca di Credito Cooperativo degli Ulivi - Terra di Bari SC,1,3,211.552,medium
Banca di Credito Cooperativo dei Castelli Romani SC,1,0,246.551,medium
Banca di Credito Cooperativo dei Castelli e degli Iblei SC,1,1,182.909,small
Banca di Credito Cooperativo dei Comuni Cilentani - SC,1,2,297.306,medium
Banca di Credito Cooperativo del Basso Sebino SC,1,2,341.086,medium
Banca di Credito Cooperativo del Carso SC - Zadruga Zadružna kraška banka,1,2,438.227,medium
Banca di Credito Cooperativo del Friuli Centrale - SC,1,2,460.499,medium
Banca di Credito Cooperativo del Metauro - Società Cooperativa,1,2,552.783,large
Banca di Credito Cooperativo del Tuscolo Rocca Priora,2,2,249.124,medium
Banca di Credito Cooperativo del Velino SC,1,0,67.3,small
Banca di Credito Cooperativo dell'Alta Brianza - Alzate Brianza - SC,1,2,594.659,large
Banca di Credito Cooperativo dell'Alto Tirreno dell Calabria – Verbicaro SC,1,3,77.85,small
Banca di Credito Cooperativo dell'Oglio e del Serio – SC,1,2,820.558,large
Banca di Credito Cooperativo della Romagna Occidentale SC,2,2,404.721,medium
Banca di Credito Cooperativo della Valle del Fitalia di Longi (ME) SC,1,1,49.211,small
Banca di Credito Cooperativo delle Prealpi - SC,1,2,1584.63,large
"Banca di Credito Cooperativo di Alba, Langhe, Roero E Del Canavese SC",1,2,3135.949,large
Banca di Credito Cooperativo di Alberobello e Sammichele di Bari SC,1,0,498.716,medium
Banca di Credito Cooperativo di Altofonte e Caccamo SC,1,1,92.848,small
Banca di Credito Cooperativo di Anagni SC,0,2,678.266,large
Banca di Credito Cooperativo di Arborea - SC,0,2,221.544,medium
Banca di Credito Cooperativo di Barbarano Romano SC,1,0,84.741,small
Banca di Credito Cooperativo di Basiliano - SC,1,2,455.202,medium
Banca di Credito Cooperativo di Borghetto Lodigiano SC,1,2,252.623,medium
Banca di Credito Cooperativo di Brescia,1,0,2000.132,large
Banca di Credito Cooperativo di Buccino - SC,1,0,84.776,small
Banca di Credito Cooperativo di Buonabitacolo SC,0,0,89.859,small
Banca di Credito Cooperativo di Busto Garolfo e Buguggiate - SC,1,2,795.96,large
Banca di Credito Cooperativo di Cambiano SCpA,1,2,2360.263,large
Banca di Credito Cooperativo di Canosa – Loconia SC,1,2,136.231,small
Banca di Credito Cooperativo di Carate Brianza SC,1,2,1995.354,large
Banca di Credito Cooperativo di Caravaggio - SC,1,2,695.037,large
Banca di Credito Cooperativo di Carugate e Inzago SC,1,2,1283.514,large
Banca di Credito Cooperativo di Casalgrasso e Sant'Albano Stura SC,1,2,530.254,large
Banca di Credito Cooperativo di Cassano delle Murge e Tolve SC,1,0,375.665,medium
Banca di Credito Cooperativo di Castagneto Carducci SCpA,2,2,721.169,large
Banca di Credito Cooperativo di Castel Goffredo SC,1,2,598.264,large
Banca di Credito Cooperativo di Castenaso - Bologna,1,2,451.994,medium
Banca di Credito Cooperativo di Castiglione Messer Raimondo e Pianella -Scarl pa,1,2,427.613,medium
Banca di Credito Cooperativo di Cernusco sul Naviglio SC,1,2,500.346,medium
Banca di Credito Cooperativo di Cittanova SCpA,1,0,236.088,medium
Banca di Credito Cooperativo di Civitanova Marche e Montecosaro SC,1,1,562.888,large
Banca di Credito Cooperativo di Conversano SC,0,1,544.699,large
Banca di Credito Cooperativo di Corinaldo SC,1,2,237.297,medium
Banca di Credito Cooperativo di Falconara Marittima SC,0,2,273.108,medium
Banca di Credito Cooperativo di Fano SC,1,2,914.934,large
Banca di Credito Cooperativo di Filottrano SC,1,2,627.167,large
Banca di Credito Cooperativo di Fiumicello ed Aiello del Friuli (UD) SC,1,2,278.354,medium
Banca di Credito Cooperativo di Flumeri SC,1,2,224.034,medium
Banca di Credito Cooperativo di Gatteo SC,1,2,558.744,large
Banca di Credito Cooperativo di Gaudiano di Lavello - SC,1,0,71.303,small
Banca di Credito Cooperativo di Ghisalba (Bergamo) – SC,2,2,458.13,medium
Banca di Credito Cooperativo di Gradara SC,1,2,650.208,large
Banca di Credito Cooperativo di Impruneta SC,1,2,338.939,medium
Banca di Credito Cooperativo di Laurenzana e Nova Siri Società Cooperativa,1,3,210.323,medium
Banca di Credito Cooperativo di Leverano SC,0,0,163.598,small
Banca di Credito Cooperativo di Locorotondo Cassa Rurale ed Artigiana – SC,0,0,320.327,medium
Banca di Credito Cooperativo di Manzano (Udine) – SC,1,2,699.287,large
Banca di Credito Cooperativo di Marcon – Venezia SC,1,3,471.581,medium
Banca di Credito Cooperativo di Marina di Ginosa SC,1,3,105.263,small
Banca di Credito Cooperativo di Masiano (Pistoia) – SC,1,2,323.493,medium
Banca di Credito Cooperativo di Massafra SC,0,0,58.856,small
Banca di Credito Cooperativo di Montepaone SC,1,2,90.151,small
Banca di Credito Cooperativo di Monterenzio - SC,0,2,194.281,medium
Banca di Credito Cooperativo di Napoli - SC,1,0,46.396,small
Banca di Credito Cooperativo di Nettuno SC,1,0,216.679,medium
Banca di Credito Cooperativo di Oppido Lucano e Ripacandida – SC,1,0,83.348,small
Banca di Credito Cooperativo di Ostra Vetere SC,2,2,189.901,medium
Banca di Credito Cooperativo di Ostuni - SC,1,2,116.306,small
Banca di Credito Cooperativo di Pachino SC,1,2,250.058,medium
Banca di Credito Cooperativo di Palestrina SC,1,0,507.172,medium
Banca di Credito Cooperativo di Pergola SC,1,2,392.096,medium
Banca di Credito Cooperativo di Pianfei e Rocca de' Baldi - SC,1,2,386.41,medium
Banca di Credito Cooperativo di Piove di Sacco SC,1,2,793.45,large
"Banca di Credito Cooperativo di Pitigliano, SC",1,2,189.214,medium
Banca di Credito Cooperativo di Pontassieve SC,1,2,338.992,medium
Banca di Credito Cooperativo di Prato-Tubre SC,2,2,205.94,medium
Banca di Credito Cooperativo di Pratola Peligna SC,1,0,447.379,medium
Banca di Credito Cooperativo di Putignano SC,1,2,3.457,small
Banca di Credito Cooperativo di Recanati e Colmurano - SC,1,3,603.169,large
Banca di Credito Cooperativo di Roma,1,0,7259.209,large
Banca di Credito Cooperativo di Ronciglione SC,0,2,338.06,medium
Banca di Credito Cooperativo di Sala di Cesenatico SC,1,2,486.456,medium
Banca di Credito Cooperativo di San Biagio Platani SCpA,0,0,110.001,small
Banca di Credito Cooperativo di San Giovanni Rotondo SC,1,2,371.878,medium
Banca di Credito Cooperativo di San Marco dei Cavoti e del Sannio Calvi – SC,1,2,114.277,small
Banca di Credito Cooperativo di San Marzano di San Giuseppe-Taranto – SC,1,2,377.735,medium
Banca di Credito Cooperativo di Sant'Elena (Padova) - SC,1,2,822.554,large
Banca di Credito Cooperativo di Santeramo in Colle - Bari SC,0,0,373.35,medium
Banca di Credito Cooperativo di Scafati e Cetara SC,1,3,256.829,medium
Banca di Credito Cooperativo di Sesto San Giovanni - SC,1,2,779.351,large
Banca di Credito Cooperativo di Signa SC,1,2,605.31,large
Banca di Credito Cooperativo di Spello e Bettona - SC,1,2,302.621,medium
"Banca di Credito Cooperativo di Spinazzola, SC",1,3,89.415,small
Banca di Credito Cooperativo di Staranzano e Villesse SC,0,2,599.072,large
Banca di Credito Cooperativo di Terra d'Otranto - SC,2,2,198.695,medium
Banca di Credito Cooperativo di Triuggio e della Valle del Lambro SC,1,2,444.895,medium
Banca di Credito Cooperativo di Turriaco SC,0,0,79.51,small
Banca di Credito Cooperativo di Valledolmo - SCpA,1,1,23.862,small
Banca di Credito Cooperativo di Verolavecchia SC,1,2,304.286,medium
Banca di Credito Cooperativo di Vignole e della Montagna Pistoiese SC,1,2,655.685,large
Banca di Credito Popolare SCpA,2,2,2288.256,large
Banca di Forlì Credito Cooperativo SC,1,2,1026.04,large
Banca di Monastier e del Sile Credito Cooperativo SC,3,2,1555.818,large
Banca di Pesaro Credito Cooperativo SC,1,2,428.394,medium
Banca di Pescia Credito Cooperativo SC,1,2,386.39,medium
Banca di Pisa e Fornacette Credito Cooperativo SCpA,1,2,1160.883,large
Banca di Pistoia Credito Cooperativo - SC,1,2,622.428,large
Banca di Rimini Credito Cooperativo Società Cooperativa,1,2,716.554,large
Banca di Ripatransone - Credito Cooperativo SC,1,2,237.235,medium
Banca di Teramo di Credito Cooperativo - SC,1,2,215.303,medium
Banca di Verona credito cooperativo cadidavid SCpA,0,2,543.812,large
Banca di Viterbo Credito Cooperativo SCpA,1,2,527.997,large
Banca popolare dell'Emilia Romagna SC,2,2,50658.06,large
Bancasciano Credito Cooperativo SC,1,2,313.751,medium
Banco Cooperativo Español SA,0,0,9073.31,large
Banco Emiliano - Credito Cooperativo - SC,1,2,809.741,large
Banco Popolare Società Cooperativa,3,2,128392.7,large
Bank 1 Saar eG,2,2,3304.042,large
Bank BSU Genossenschaft,2,2,621.0834,large
Bank EKI Genossenschaft,2,2,606.9138,large
Bank Leerau Genossenschaft,2,2,360.0192,medium
Bank Polskiej Spó?dzielczo?ci SA,1,1,4085.812,large
Bank Thalwil Genossenschaft,2,2,754.5775,large
Bank für Kirche und Caritas eG,0,0,3601.963,large
Bank für Kirche und Diakonie eG – KD-BANK,0,0,4296.364,large
Bank für Sozialwirtschaft Aktiengesellschaft,0,0,6037.507,large
Bankverein Bebra eG,0,0,197.396,medium
Banque CPH SCRL,0,0,1834.132,large
Banque Française Mutualiste,0,0,3240.261,large
"Banque Raiffeisen, Société Coopérative",2,2,5868.354,large
"Banque du Groupe Casino, SA",2,2,809.804,large
Bath Investment & Building Society,2,2,287.0522,medium
Bayerische BodenseeBank - Raiffeisen - eG,2,2,216.776,medium
Bene Banca Credito Cooperativo di Bene Vagienna (Cuneo),1,2,812.539,large
Bensberger Bank eG,0,0,378.578,medium
Berkheimer Bank eG,0,0,58.403,small
Berliner Volksbank eG,2,2,9890.59,large
Bernhauser Bank eG,2,2,284.782,medium
Bielefelder Volksbank eG,0,0,1111.641,large
Bopfinger Bank Sechta-Ries eG,0,0,211.237,medium
Brandenburger Bank Volksbank-Raiffeisenbank eG,2,0,388.848,medium
Bremische Volksbank eG,2,0,668.365,large
Brühler Bank eG,2,0,138.213,small
Buckinghamshire Building Society,2,2,197.4503,medium
Budenheimer Volksbank eG,0,0,148.953,small
Caisse Agricole Crédit Mutuel SC,2,2,1191.209,large
"Caixa Central de Crédito Agrícola Mútuo, C.R.L.",1,2,12122.44,large
"Caixa De Crédito Agrícola Mútuo De Torres Vedras, C.R.L.",0,2,353.78,medium
"Caixa Popular-Caixa Rural, Coop. de Crédito V.",2,2,831.198,large
"Caixa Rural Benicarló, S. Coop. de Crèdit V.",1,2,172.056,small
Caixa Rural Galega SC de Crédito Limitada Gallega,2,2,513.288,medium
Caixa Rural La Vall San Isidro SC de Crédito Valenciana,1,2,310.506,medium
"Caixa Rural L’alcúdia, SCC Valenciana",1,2,156.107,small
"Caixa Rural San Isidro de les Coves de Vinromà, SCCV",0,0,34.721,small
"Caixa Rural Vinaròs, S.Coop. de Crèdit V.",2,2,128.37,small
"Caixa de Crédito Agrícola Mútuo da Bairrada e Aguieira, C.R.L",2,2,98.689,small
"Caixa de Crédito Agrícola Mútuo de Vila Franca de Xira, C.R.L.",2,2,71.242,small
"Caixa de Crédito Agrícola Mútuo do Vale do Sousa e Baixo Tâmega, C.R.L.",0,0,379.23,medium
Caja Laboral Popular Cooperativa de Crédito,0,2,20624.62,large
"Caja Rural Central, Sociedad Cooperativa de Crédito",2,2,1012.228,large
"Caja Rural de Almendralejo, Sociedad Cooperativa de Crédito",0,0,768.108,large
"Caja Rural de Asturias, Sociedad Cooperativa de Crédito",0,2,2899.583,large
"Caja Rural de Castilla-La Mancha, Sociedad, Cooperativa de Crédito",0,2,3152.902,large
"Caja Rural de Extremadura, SCC",2,1,1187.881,large
"Caja Rural de Granada, Sociedad Cooperativa de Crédito",1,1,4700.85,large
Caja Rural de Guissona SCC,0,0,349.509,medium
"Caja Rural de Navarra, Sociedad Cooperativa de Crédito",2,2,7381.716,large
"Caja Rural de Salamanca, Sociedad Cooperativa de Crédito",2,2,702.774,large
"Caja Rural de Soria, Sociedad Cooperativa de Crédito, SA",1,2,1211.577,large
"Caja Rural de Zamora, Sociedad Cooperativa de Crédito",1,1,1662.025,large
Caja de Arquitectos S. Coop. de Crédito,1,2,924.947,large
Caja de Crédito de los Ingenieros SCC,1,0,1818.52,large
"Cajasiete, Caja Rural, Sociedad Cooperativa de Crédito",1,2,1342.882,large
Calenberger Kreditverein Calenberg-Göttingen-Grubenhagen- Hildesheim'scher,2,2,258.185,medium
Cassa Centrale Raiffeisen dell'Alto Adige SpA,0,1,1989.393,large
Cassa Padana Banca di Credito Cooperativo SC,1,1,1676.644,large
Cassa Raiffeisen Alta Pusteria SC,2,2,99.472,small
Cassa Raiffeisen Lana SC,2,2,530.358,large
Cassa Raiffeisen Vandoies SC,2,2,161.194,small
Cassa Raiffeisen della Valle Isarco SC,1,2,426.752,medium
Cassa Raiffeisen di Brunico SC,1,2,838.944,large
Cassa Rurale Adamello – Brenta Banca di Credito Cooperativo –SC,1,2,356.068,medium
Cassa Rurale Alto Garda Banca di Credito Cooperativo SC,1,2,1095.345,large
Cassa Rurale Banca di Credito Cooperativo di Treviglio SC,1,2,1859.967,large
Cassa Rurale Bassa Vallagarina - Banca di credito cooperativo - SC,1,2,501.405,medium
Cassa Rurale Giudicarie Valsabbia Paganella Banca di Credito Cooperativo - SC,1,2,791.941,large
Cassa Rurale Lavis - Valle di Cembra - Banca di Credito Cooperativo - SC,1,2,780.536,large
Cassa Rurale Mori-Brentonico-Val Di Gresta Banca di Credito Cooperativo - SC,1,2,323.837,medium
Cassa Rurale Novella e Alta Anaunia Banca di Credito Cooperativo - SC,2,2,229.781,medium
Cassa Rurale Olle-Samone-Scurelle Banca di Credito Cooperativo - SC,1,2,232.23,medium
Cassa Rurale Pinetana Fornace e Seregnano - Banca di Credito Cooperativo – SC,1,2,455.899,medium
Cassa Rurale Renon SC,1,2,637.246,large
Cassa Rurale Val di Fassa e Agordino - Banca di credito cooperativo - SC,0,2,435.802,medium
Cassa Rurale Valli di Primiero e Vanoi Banca di Credito Cooperativo - SC,3,2,394.73,medium
Cassa Rurale d'Anaunia Banca di Credito Cooperativo Taio - SC,0,2,289.154,medium
Cassa Rurale della Valle dei Laghi - Banca di credito cooperativo SC,2,2,389.631,medium
Cassa Rurale di Bolzano-SC,2,2,685.444,large
Cassa Rurale di Caldonazzo - Banca di Credito Cooperativo - SC,1,2,270.786,medium
Cassa Rurale di Fiemme Banca di Credito Cooperativo - società cooperativa,1,2,511.116,medium
Cassa Rurale di Isera Banca di Credito Cooperativo - SC,1,2,145.246,small
Cassa Rurale di Lizzana - Banca di Credito Cooperativo - SC,1,2,193.729,medium
Cassa Rurale di Mezzocorona - Banca di Credito Cooperativo - SC,2,2,237.302,medium
Cassa Rurale di Rabbi e Caldes - Banca di Credito Cooperativo - SC,1,2,189.283,medium
Cassa Rurale di Tassullo e Nanno - Banca di Credito Cooperativo - SC,2,2,88.264,small
Cassa Rurale di Trento - Banca di Credito Cooperativo - SC,1,2,1406.646,large
Cassa Rurale di Tuenno - Val di Non - Banca di credito cooperativo - SC,1,2,519.998,medium
Cassa Rurale ed Artigiana Banca di Credito Cooperativo di Battipaglia,1,0,541.702,large
Cassa Rurale ed Artigiana S. Giuseppe Credito Cooperativo Camerano - S.C.,1,2,287.806,medium
Cassa Rurale ed Artigiana dell'Agro Pontino - Banca di Credito Cooperativo - SC,1,0,340.153,medium
Cassa Rurale ed Artigiana di Binasco - Credito Cooperativo SC,1,2,1032.464,large
Cassa Rurale ed Artigiana di Boves Banca di Credito Cooperativo - SC,1,2,326.011,medium
Cassa Rurale ed Artigiana di Brendola Credito Cooperativo - SC,1,2,1170.406,large
Cassa Rurale ed Artigiana di Cantù Banca di Credito Cooperativo SC,1,2,1989.081,large
Cassa Rurale ed Artigiana di Castellana Grotte – Credito Cooperativo SC,1,2,527.271,large
Cassa Rurale ed Artigiana di Cortina d'Ampezzo e delle Dolomiti,2,2,363.963,medium
Cassa Rurale ed Artigiana di Lucinico Farra e Capriva - SC,1,3,338.987,medium
Cassa Rurale ed Artigiana di Rivarolo Mantovano (Mantova) Credito Cooperativo SC,1,2,263.338,medium
Cassa Rurale ed Artigiana di Treviso - Credito Cooperativo - SC,1,2,341.409,medium
Cassa Rurale ed Artigiana di Vestenanova - Credito Cooperativo – SC,0,2,188.106,small
Cassa di Risparmio di Bolzano SpA,2,2,8071.823,large
Central Cooperative Bank AD,1,1,913.095,large
Centrale Finanziaria del Nord Est SpA,0,0,138.279,small
CentroMarca Banca Credito Cooperativo di Treviso SCpA,1,2,567.809,large
ChiantiBanca Credito Cooperativo SC,1,2,1532.44,large
Clientis Bank Oberuzwil AG,2,2,236.5563,medium
Co-operative Bank Plc,3,2,18387.18,large
"Co-operative Bank of Peloponnese, LLC",3,2,136.594,small
"Co-operative Bank of Pieria - Olympic Credit, LLC",2,2,53.503,small
Cooperative Bank of Epirus Ltd.,2,2,218.242,medium
Cooperative Bank of Evros,2,2,61.416,small
Cooperative Bank of Serres Coop. L.L.,2,2,72.524,small
Cooperative Bank of Thessaly,2,2,212.644,medium
Cooperative Central Bank Ltd.,2,0,4507.005,large
Coventry Building Society,0,0,20285.87,large
Coöperatieve Rabobank U.A.,0,0,588987.0,large
Credit- und Volksbank eG,0,2,495.044,medium
Credito Cooperativo Cassa Rurale ed Artigiana di Erchie SC,1,0,101.612,small
Credito Cooperativo Cassa Rurale ed Artigiana di Paliano - SC,0,0,122.585,small
Credito Cooperativo Interprovinciale Veneto – SC,1,2,1345.777,large
Credito Cooperativo Reggiano SC,1,2,357.298,medium
Credito Cooperativo Romagnolo BCC di Cesena e Gatteo- SC,1,2,587.912,large
Credito Cooperativo Umbro - Bcc Mantignana - SC,1,0,374.244,medium
Credito Cooperativo dell'Adda e del Cremasco – Cassa Rurale SC,1,2,525.513,large
Credito Cooperativo ravennate e imolese SC,1,2,2421.035,large
Credito Etneo – Banca di Credito Cooperativo SC,0,0,154.552,small
Credito Padano Banca di Credito Cooperativo SC,1,2,926.026,large
Credito Trevigiano Banca di Credito Cooperativo S.C.,1,2,1348.139,large
Credito Valdinievole Bcc Montecatini Terme e Bientina società cooperative,1,2,714.559,large
Credito Valtellinese Società Cooperativa,2,2,20403.835,large
Crelan NV,0,0,7919.0869999999995,large
Crédit Agricole Group,1,1,1617313.0,large
Crédit Mutuel Group,0,0,566170.0,large
DKM Darlehnskasse Münster eG,0,0,4019.817,large
DZB BANK GmbH,2,2,251.024,medium
Danske Andelskassers Bank A/S,3,3,2036.592,large
Darmsheimer Bank eG,2,2,144.252,small
Debeka Bausparkasse AG,2,2,9779.199,large
Dettinger Bank eG Volks- und Raiffeisenbank,0,0,85.388,small
Deutsche Apotheker- und Ärztebank eG,0,0,37944.49,large
Deutsche WertpapierService Bank AG,0,0,618.499,large
Deutsche Zentral-Genossenschaftsbank AG,1,0,411644.0,large
Deželna Banka Slovenije d.d.,3,2,1024.341,large
Dithmarscher Volks- und Raiffeisenbank eG,2,0,418.225,medium
Donau-Iller Bank eG,2,2,533.994,large
Dortmunder Volksbank eingetragene Genossenschaft,0,0,4061.999,large
Dresdner Volksbank Raiffeisenbank eG,0,0,765.791,large
Dudley Building Society,2,2,365.0991,medium
ECCM Bank Plc,2,2,2762.531,large
EDEKABANK AG,0,0,1358.548,large
EVENORD-Bank eG-KG,0,0,200.589,medium
Echterdinger Bank eG,0,0,86.678,small
Eckernförder Bank eG Volksbank-Raiffeisenbank,2,2,295.95,medium
Ehninger Bank eG,2,2,104.711,small
Emil Banca Credito Cooperativo,1,2,2038.998,large
Emsländische Volksbank eG,2,2,995.539,large
Erfurter Bank eG,0,0,443.994,medium
Eurofactor SA,2,2,9471.777,large
Evangelische Bank eG,0,0,4109.952,large
Federseebank eG,0,0,98.735,small
Fellbacher Bank eG,0,0,521.037,medium
Folkesparekassen,0,0,60.65201,small
Fortuna Banque Société Coopérative,2,2,267.721,medium
"Frankenberger Bank, Raiffeisenbank eG",2,2,284.942,medium
Frankfurter Volksbank eG,2,2,7164.987,large
Freisinger Bank eG Volksbank-Raiffeisenbank,0,0,713.111,large
Friesland Bank NV,3,2,10561.45,large
Friulovest Banca - Credito Cooperativo - SC,1,2,507.538,medium
Föhr-Amrumer Bank eG,2,2,100.83,small
GENO BANK ESSEN eG,0,0,877.308,large
GLS Gemeinschaftsbank eG,2,2,1890.936,large
GRB Glarner Regionalbank Genossenschaft,2,2,311.2761,medium
GenoBank DonauWald eG,0,0,668.199,large
Genobank Mainz eG,2,2,188.86,medium
Genossenschaftsbank Meckenbeuren eG,0,0,108.074,small
Genossenschaftsbank Unterallgäu eG,0,0,756.451,large
Genossenschaftsbank Weil im Schönbuch eG,0,2,164.107,small
Genossenschaftsbank Wolfschlugen eG,0,0,55.465,small
Genossenschaftsbank eG München,2,0,1500.843,large
Geraer Bank eG,0,0,324.345,medium
Gladbacher Bank AG von 1922,0,0,949.029,large
Grafschafter Volksbank eG,2,2,1192.515,large
Groupama Banque SA,0,0,3639.38,large
Groupe BPCE,0,0,1038622.0,large
Grupo Cooperativo Cajamar,1,2,25178.83,large
Hagnauer Volksbank eG,2,2,83.568,small
Hallertauer Volksbank eG,0,2,1039.282,large
Hamburger Volksbank eG,0,0,1869.84,large
Hannoversche Volksbank eG,0,0,4081.639,large
Harpenden Building Society,0,2,259.8726,medium
Harzer Volksbank eG,0,0,291.341,medium
Hausbank München eG - Bank für Haus- und Grundbesitz,0,0,1461.193,large
Heidelberger Volksbank eG,0,0,1083.938,large
Heidenheimer Volksbank eG,0,0,1108.165,large
Hinckley and Rugby Building Society,2,2,683.1683,large
Husumer Volksbank eG,2,2,605.991,large
Hümmlinger Volksbank eG,2,2,193.076,medium
Hüttenberger Bank eG,0,0,27.205,small
Iccrea Holding SpA,0,2,17139.36,large
Imprebanca SpA,1,3,66.93,small
K?br?s Türk Kooperatif Merkez Bankas? Ltd.,1,0,1042.639,large
KEB Hana Bank,2,2,136.205,small
KLP Banken AS,0,1,3577.033,large
Kaltenkirchener Bank eG,2,2,144.415,small
Kasseler Bank eG Volksbank Raiffeisenbank,2,0,1807.77,large
Kerner Volksbank eG,0,0,477.835,medium
Kieler Volksbank eG,2,2,1004.066,large
Kommuninvest i Sverige AB (publ),0,0,21163.92,large
Kulmbacher Bank eG Raiffeisen-Volksbank,0,0,625.332,large
Kölner Bank eG,2,2,1777.867,large
LIGA Bank eG,0,0,4370.25,large
Landbank Horlofftal eG,0,2,105.935,small
Landkreditt SA,2,2,2056.202,large
Landshypotek Ekonomisk Förening,0,0,7139.836,large
Leeds Building Society,2,0,10923.225,large
Leek United Building Society,2,2,890.8593,large
Leipziger Volksbank eG,0,0,346.34,medium
Leutkircher Bank – Raiffeisen- und Volksbank – eG,2,2,595.976,large
Loughborough Building Society,2,2,319.2915,medium
Löchgauer Bank eG,0,0,81.195,small
MKB Mittelstandskreditbank AG,2,2,80.659,small
Mainzer Volksbank eG,2,2,5153.535,large
Manchester Building Society,2,2,1042.53,large
Melton Mowbray Building Society,2,2,450.5149,medium
Mendener Bank eG,2,2,245.652,medium
Merkur Andelskasse,0,2,228.3511,medium
Migros Bank AG,2,2,19127.4,large
Märkische Bank eG,0,0,1152.593,large
Münchener Hypothekenbank eG,0,0,34619.92,large
Münchner Bank eG,2,0,2831.205,large
National Counties Building Society,2,2,1444.114,large
Nationwide Building Society,0,2,187209.2,large
Newcastle Building Society,2,2,5271.5779999999995,large
Norderstedter Bank eG,2,0,273.404,medium
Nordthüringer Volksbank eG,0,0,500.163,medium
Nottingham Building Society,2,2,2803.34,large
Nufringer Bank - Raiffeisen - eG,2,2,51.053,small
OP Financial Group,0,0,70731.0,large
Onstmettinger Bank eG,0,0,104.455,small
Ostfriesische Volksbank eG,2,2,1055.096,large
POP Pankkiliitto osk,3,0,1.639,small
PSD Bank Berlin-Brandenburg eG,0,0,1524.617,large
PSD Bank Braunschweig eG,0,0,579.852,large
PSD Bank Hannover eG,0,0,1139.87,large
PSD Bank Hessen-Thüringen eG,0,0,1723.407,large
PSD Bank Karlsruhe-Neustadt eG,0,0,1381.731,large
PSD Bank Kiel eG,0,2,464.159,medium
PSD Bank Koblenz eG,0,0,600.117,large
PSD Bank Köln eG,2,0,1500.725,large
PSD Bank München eG,0,2,1706.321,large
PSD Bank Niederbayern-Oberpfalz eG,0,0,759.949,large
PSD Bank Nord eG,2,2,1772.428,large
PSD Bank Nürnberg eG,0,0,2331.815,large
PSD Bank Rhein-Ruhr eG,2,2,3120.315,large
PSD Bank RheinNeckarSaar eG,0,2,1785.849,large
PSD Bank Westfalen-Lippe eG,0,0,968.094,large
Pancretan Cooperative Bank Ltd.,2,2,2063.379,large
Panellinia Bank SA,3,1,963.744,large
Pax-Bank eG,0,0,2141.313,large
Pommersche Volksbank eG,0,0,522.798,medium
Posojinlica Bank eGen,3,2,349.119,medium
Principality Building Society,2,0,7090.686,large
RB Schwandorf-Nittenau eG,0,0,434.849,medium
ROMAGNA EST Banca di Credito Cooperativo - SC,2,2,899.364,large
RV Bank Rhein-Haardt eG,2,2,900.198,large
Raiffeisen Bank Lurnfeld-Reißeck Reg. GmbH,2,2,76.108,small
Raiffeisen Bank Villach reg. GmbH,2,2,174.921,small
Raiffeisen Bezirksbank Kufstein eGen,2,2,657.526,large
Raiffeisen Gruppe Switzerland,2,2,90835.495,large
Raiffeisen Privatbank eG,2,2,107.727,small
Raiffeisen RegionalBank Fieberbrunn - St. Johann in Tirol eGen,2,2,415.966,medium
Raiffeisen Spar + Kreditbank eG,2,0,387.773,medium
Raiffeisen Zentralbank Österreich AG,2,2,136949.4,large
Raiffeisen- und Volksbank Dahn eG,2,0,275.745,medium
Raiffeisen-Bank Eschweiler eG,2,2,205.957,medium
"Raiffeisen-Bezirksbank Spittal/Drau, reg. GmbH",2,2,114.402,small
"Raiffeisen-Bezirksbank St.Veit a. d. Glan-Feldkirchen, reg. GmbH",2,2,296.011,medium
Raiffeisen-Holding Niederösterreich-Wien reg. GmbH,1,0,25473.6,large
Raiffeisen-Landesbank Steiermark AG,1,2,13119.47,large
Raiffeisen-Volksbank Bad Staffelstein eG,0,0,208.488,medium
Raiffeisen-Volksbank Donauwörth eG,2,0,1235.48,large
Raiffeisen-Volksbank Ebern eG,0,0,288.403,medium
Raiffeisen-Volksbank Ebersberg eG,0,0,630.699,large
Raiffeisen-Volksbank Fresena eG,2,2,524.818,large
Raiffeisen-Volksbank Fürth eG,0,0,313.213,medium
Raiffeisen-Volksbank Haßberge eG,0,0,383.192,medium
Raiffeisen-Volksbank Hermsdorfer Kreuz eG,0,0,81.631,small
Raiffeisen-Volksbank Isen-Sempt eG,2,2,444.196,medium
Raiffeisen-Volksbank Kronach-Ludwigsstadt eG,0,2,364.629,medium
Raiffeisen-Volksbank Lichtenfels-Itzgrund eG,0,0,352.126,medium
Raiffeisen-Volksbank Miltenberg eG,0,2,733.094,large
Raiffeisen-Volksbank Neustadt eG,2,2,77.058,small
Raiffeisen-Volksbank Oder-Spree eG,0,0,219.367,medium
Raiffeisen-Volksbank Ries eG,0,0,806.285,large
Raiffeisen-Volksbank Saale-Orla eG,0,0,226.635,medium
Raiffeisen-Volksbank Tüßling-Unterneukirchen eG,0,2,143.781,small
Raiffeisen-Volksbank Varel-Nordenham eG,2,2,578.117,large
Raiffeisen-Volksbank Wemding eG,0,0,227.26,medium
Raiffeisen-Volksbank eG,2,0,1204.409,large
RaiffeisenBank Going eGen,2,2,64.487,small
RaiffeisenBank Kitzbühel eGen (mbH),2,2,642.704,large
Raiffeisenbank Abtenau-Rußbach reg. GmbH,2,2,145.199,small
Raiffeisenbank Achenkirch und Umgebung eGen,2,2,107.037,small
Raiffeisenbank Adelzhausen-Sielenbach eG,2,2,105.762,small
Raiffeisenbank Admont eGen,0,0,194.25,medium
Raiffeisenbank Aichfeld eGen,2,2,243.115,medium
Raiffeisenbank Aichhalden-Hardt-Sulgen eG,0,2,135.123,small
Raiffeisenbank Aidlingen eG,0,0,140.496,small
Raiffeisenbank Aiglsbach eG,0,0,51.049,small
Raiffeisenbank Aindling eG,0,0,196.166,medium
Raiffeisenbank Aitrang-Ruderatshofen eG,2,2,40.52,small
Raiffeisenbank Alberschwende reg. GmbH,2,2,92.558,small
Raiffeisenbank Altdorf-Ergolding eG,0,0,371.817,medium
Raiffeisenbank Altdorf-Feucht eG,0,0,349.328,medium
Raiffeisenbank Alteglofsheim-Hagelstadt eG,0,0,54.137,small
Raiffeisenbank Altenmarkt-Flachau-Eben reg. GmbH,2,2,248.686,medium
Raiffeisenbank Altertheim eG,0,0,27.334,small
Raiffeisenbank Altschweier eG,0,0,47.842,small
Raiffeisenbank Am Goldenen Steig eG,0,0,349.618,medium
Raiffeisenbank Anger eG,2,2,58.082,small
Raiffeisenbank Anif-Niederalm eGen,2,2,81.617,small
Raiffeisenbank Annaberg-Lungötz reg. GmbH,2,2,54.253,small
Raiffeisenbank Anthering eGen,2,2,75.877,small
Raiffeisenbank Apetlon eGen,0,0,36.182,small
Raiffeisenbank Aresing-Gerolsbach eG,0,0,228.058,medium
Raiffeisenbank Arnstorf eG,0,0,210.594,medium
Raiffeisenbank Aschaffenburg eG,0,0,993.024,large
Raiffeisenbank Aschau-Samerberg eG,0,2,162.376,small
Raiffeisenbank Aschberg eG,0,0,180.595,small
Raiffeisenbank Aspach - Wildenau eGen (mbH),2,2,33.349,small
Raiffeisenbank Attergau eGen (mbH),2,0,159.629,small
Raiffeisenbank Attersee-Nord eGen (mbH),2,2,135.599,small
Raiffeisenbank Attersee-Süd eGen (mbH),2,2,211.61,medium
Raiffeisenbank Au registrierte Genossenschaft mit beschränkter Haftung,2,2,153.627,small
Raiffeisenbank Auerbach-Freihung eG,0,0,211.994,medium
Raiffeisenbank Auersthal-Bockfließ-Groß Schweinbarth eGen mbH,2,2,90.357,small
Raiffeisenbank Augsburger Land West eG,0,0,512.774,medium
Raiffeisenbank Aulendorf eG,2,2,70.938,small
Raiffeisenbank Bad Abbach-Saal eG,0,0,481.246,medium
Raiffeisenbank Bad Gögging eG,0,0,386.099,medium
Raiffeisenbank Bad Kötzting eG,0,0,154.997,small
Raiffeisenbank Bad Radkersburg-Klöch eGen,2,2,187.048,small
Raiffeisenbank Bad Saulgau eG,0,0,126.695,small
Raiffeisenbank Bad Schussenried eG,0,0,106.176,small
Raiffeisenbank Bad Wimsbach-Neydharting eGen (mbH),2,2,46.207,small
Raiffeisenbank Bad Windsheim eG,0,0,343.228,medium
Raiffeisenbank Baisweil-Eggenthal-Friesenried eG,0,2,88.885,small
Raiffeisenbank Bauschlott eG,0,0,32.862,small
Raiffeisenbank Bechhofen eG,0,0,53.738,small
Raiffeisenbank Beilngries eG,0,0,135.226,small
Raiffeisenbank Berching-Freystadt-Mühlhausen eG,0,0,285.102,medium
Raiffeisenbank Berg-Bad Steben eG,0,0,200.951,medium
Raiffeisenbank Bergheim eGen,2,2,98.843,small
Raiffeisenbank Berghülen eG,0,2,43.29,small
Raiffeisenbank Berndorf-Seeham eGen,2,2,48.87,small
Raiffeisenbank Bernhardsthal-Großkrut-Altlichtenwarth eGen,2,2,106.013,small
Raiffeisenbank Beuerberg-Eurasburg eG,2,2,138.29,small
Raiffeisenbank Bezau-Mellau-Bizau reg. GmbH,2,2,198.133,medium
Raiffeisenbank Bibertal-Kötz eG,0,2,85.763,small
Raiffeisenbank Bidingen eG,2,2,48.523,small
Raiffeisenbank Biebergrund-Petersberg eG,0,0,216.132,medium
Raiffeisenbank Bischofshofen eGen,2,2,177.82,small
Raiffeisenbank Bissingen eG,0,0,86.287,small
Raiffeisenbank Bleiburg reg. GmbH,2,2,84.55,small
Raiffeisenbank Bludenz-Montafon eGen,2,2,390.503,medium
Raiffeisenbank Bobingen eG,0,0,310.153,medium
Raiffeisenbank Bramberg eGen,2,2,84.448,small
Raiffeisenbank Breitenau eGen (mbH),2,2,51.569,small
Raiffeisenbank Bretzfeld-Neuenstein eG,2,2,254.656,medium
Raiffeisenbank Brixen im Thale eGen,2,2,79.112,small
Raiffeisenbank Bruck eG,0,0,22.8,small
Raiffeisenbank Bruck-Fusch-Kaprun eGen,2,2,199.126,medium
Raiffeisenbank Brückl-Eberstein-Klein St.Paul-Waisenberg reg. GmbH,2,2,67.716,small
"Raiffeisenbank Buch, Gallzein und Strass reg. GmbH",2,2,60.163,small
Raiffeisenbank Buch-Eching eG,0,0,184.428,small
Raiffeisenbank Burgebrach-Stegaurach eG,0,0,323.56,medium
Raiffeisenbank Burghaun eG,0,0,46.078,small
Raiffeisenbank Butjadingen-Abbehausen eG,2,2,128.744,small
Raiffeisenbank Böllingertal eG,0,2,73.0,small
Raiffeisenbank Bühlertal eG,0,0,79.489,small
Raiffeisenbank Bütthard-Gaukönigshofen eG,0,0,276.783,medium
Raiffeisenbank Chamer Land eG,0,0,942.289,large
Raiffeisenbank Chiemgau-Nord - Obing eG,0,0,213.905,medium
Raiffeisenbank Defereggental eGen,2,2,54.876,small
Raiffeisenbank Deggendorf-Plattling eG,0,0,525.294,large
Raiffeisenbank Dellmensingen eG,2,2,45.439,small
Raiffeisenbank Denzlingen-Sexau eG,2,2,135.027,small
Raiffeisenbank Deutschlandsberg eGen,2,2,220.002,medium
Raiffeisenbank Dienten eGen,2,2,20.694,small
Raiffeisenbank Dietersheim und Umgebung eG,0,0,60.988,small
Raiffeisenbank Donau-Ameisberg eGen (mbH),2,2,227.928,medium
Raiffeisenbank Donau-Heuberg eG,2,2,136.653,small
Raiffeisenbank Donaumooser Land eG,0,0,303.421,medium
Raiffeisenbank Drautal reg. GmbH,2,0,218.851,medium
Raiffeisenbank Draßmarkt-Kobersdorf-St.Martin eGen,0,2,154.733,small
"Raiffeisenbank Eben-Pertisau, eGen",2,2,58.527,small
Raiffeisenbank Eberhardzell-Ummendorf eG,0,0,163.333,small
Raiffeisenbank Eberndorf reg. GmbH,2,2,254.408,medium
Raiffeisenbank Eberschwang eGen (mbH),2,2,63.573,small
Raiffeisenbank Ebrachgrund eG,0,0,125.174,small
Raiffeisenbank Edelschrott eGen,2,2,49.934,small
Raiffeisenbank Edt-Lambach eGen (mbH),2,2,81.705,small
Raiffeisenbank Eggenburg eGen mbH,0,0,288.197,medium
Raiffeisenbank Ehekirchen-Oberhausen eG,2,0,191.222,medium
Raiffeisenbank Ehingen-Hochsträß eG,2,2,397.779,medium
Raiffeisenbank Ehrwald-Lermoos-Biberwier eGen,2,2,151.522,small
Raiffeisenbank Eichenbühl und Umgebung eG,2,2,69.903,small
Raiffeisenbank Eifeltor eG,2,2,172.248,small
Raiffeisenbank Elbmarsch eG,0,0,144.986,small
Raiffeisenbank Elixhausen eGen,2,2,60.683,small
Raiffeisenbank Elsavatal eG,0,0,128.727,small
Raiffeisenbank Emsland-Mitte eG,2,0,247.496,medium
Raiffeisenbank Emtmannsberg eG,2,2,54.178,small
Raiffeisenbank Enns eGen (mbH),2,2,183.784,small
Raiffeisenbank Ennstal eGen (mbH),2,2,199.602,medium
Raiffeisenbank Erding eG,0,2,404.586,medium
Raiffeisenbank Erkelenz eG,0,0,254.414,medium
Raiffeisenbank Erl eGen,2,2,38.14,small
Raiffeisenbank Erlenbach eG,2,2,61.935,small
Raiffeisenbank Erlenmoos eG,0,0,33.969,small
Raiffeisenbank Ersingen eG,2,2,64.398,small
Raiffeisenbank Eschlkam-Lam-Lohberg-Neukirchen b. Hl. Blut eG,0,0,158.666,small
Raiffeisenbank Essenbach eG,0,0,345.898,medium
Raiffeisenbank Estenfeld-Bergtheim eG,0,0,255.257,medium
Raiffeisenbank Faistenau-Hintersee eGen,2,2,55.41,small
Raiffeisenbank Falkenstein-Wörth eG,0,0,222.501,medium
Raiffeisenbank Fehring - St. Anna am Aigen eGen,2,2,241.695,medium
"Raiffeisenbank Feldbach-Gnas-Bad Gleichenberg, eGen",2,2,233.406,medium
"Raiffeisenbank Feldkirch, reg. GmbH",2,2,448.715,medium
Raiffeisenbank Feldkirchen-Goldwörth eGen (mbH),2,2,81.979,small
Raiffeisenbank Finkenstein-Faaker See reg. GmbH,2,2,40.446,small
Raiffeisenbank Fischenich-Kendenich eG,0,0,59.541,small
Raiffeisenbank Flachsmeer eG,2,2,194.295,medium
Raiffeisenbank Frankenhardt-Stimpfach eG,0,0,173.349,small
Raiffeisenbank Frankenwinheim und Umgebung eG,0,0,53.762,small
Raiffeisenbank Frastanz-Satteins reg. GmbH,2,2,209.26,medium
Raiffeisenbank Frauenkirchen-Podersdorf am See eGen,2,2,39.234,small
Raiffeisenbank Frechen-Hürth eG,0,0,1188.223,large
Raiffeisenbank Freinsheim eG,2,2,76.862,small
Raiffeisenbank Freistadt Rust eGen,2,2,26.991,small
Raiffeisenbank Friesach-Metnitztal reg. GmbH,2,2,70.579,small
Raiffeisenbank Fränkisches Weinland eG Escherndorf-Sommerach-Nordheim,0,0,75.854,small
Raiffeisenbank Fuchstal-Denklingen eG,0,0,126.846,small
Raiffeisenbank Fulpmes-Telfes im Stubai eGen,2,2,35.167,small
Raiffeisenbank Fürnitz reg. GmbH,2,2,34.102,small
Raiffeisenbank Fürstenfeld eGen,2,2,197.18,medium
Raiffeisenbank Gaimersheim-Buxheim eG,0,0,375.939,medium
Raiffeisenbank Gamlitz eGen,2,2,153.973,small
Raiffeisenbank Gammesfeld eG,2,2,24.433,small
Raiffeisenbank Gampern eGen (mbH),2,2,40.424,small
Raiffeisenbank Garrel eG,2,2,227.797,medium
Raiffeisenbank Gastein eGen,2,2,217.398,medium
Raiffeisenbank Gefrees eG,0,0,114.685,small
Raiffeisenbank Geiselhöring-Pfaffenberg eG,0,0,179.797,small
Raiffeisenbank Geisenhausen eG,0,0,237.824,medium
Raiffeisenbank Geislingen-Rosenfeld eG,0,0,122.936,small
Raiffeisenbank Geretsberg eGen (mbH),2,2,77.013,small
Raiffeisenbank Gilching eG,2,2,196.035,medium
Raiffeisenbank Gleinstätten-Leutschach eGen,2,2,243.326,medium
Raiffeisenbank Gmund am Tegernsee eG,0,0,95.374,small
Raiffeisenbank Golling-Scheffau-Kellau reg. GmbH,2,2,145.229,small
Raiffeisenbank Gotha eG,0,0,151.262,small
Raiffeisenbank Grafenstein - Magdalensberg und Umgebung reg. GmbH,2,2,73.657,small
Raiffeisenbank Grafenwöhr-Kirchenthumbach eG,0,0,110.54,small
Raiffeisenbank Grafschaft-Wachtberg eG,0,0,198.62,medium
Raiffeisenbank Grainet eG,0,0,75.513,small
Raiffeisenbank Gratkorn eGen,2,2,177.108,small
Raiffeisenbank Gratwein eGen,2,2,148.49,small
Raiffeisenbank Graz-Andritz eGen,2,2,159.778,small
Raiffeisenbank Graz-Mariatrost eGen,2,2,107.074,small
"Raiffeisenbank Graz-St. Peter, eGen",2,2,284.663,medium
Raiffeisenbank Graz-Straßgang eGen (mbH),2,2,516.109,medium
Raiffeisenbank Greding-Thalmässing eG,0,0,228.128,medium
Raiffeisenbank Grein eGen (mbH),2,2,94.083,small
Raiffeisenbank Grevenbroich eG,0,0,326.151,medium
Raiffeisenbank Griesstätt-Halfing eG,0,0,157.319,small
Raiffeisenbank Grimma eG,0,0,158.122,small
Raiffeisenbank Gross Gerungs eGen m.b.H.,2,2,51.21,small
Raiffeisenbank Groß St. Florian-Wettmannstätten eGen,2,2,97.867,small
Raiffeisenbank Großarl-Hüttschlag eGen,2,2,160.867,small
Raiffeisenbank Großgmain eGen,2,2,60.855,small
Raiffeisenbank Großhabersdorf-Roßtal eG,0,0,105.964,small
Raiffeisenbank Großostheim-Obernburg eG,2,2,712.192,large
Raiffeisenbank Großraming eGen (mbH),2,2,72.439,small
Raiffeisenbank Großsteinbach eGen,2,2,61.937,small
Raiffeisenbank Gruibingen eG,0,0,36.765,small
Raiffeisenbank Grävenwiesbach eG,0,0,65.37,small
Raiffeisenbank Gröbming eGen,2,2,259.66,medium
Raiffeisenbank Grödig eGen,2,2,136.31,small
Raiffeisenbank Grünau - St. Konrad - Scharnstein eGen (mbH),2,2,98.707,small
Raiffeisenbank Gunskirchen eGen (mbH),2,2,167.482,small
Raiffeisenbank Gurktal reg. GmbH,2,2,54.399,small
Raiffeisenbank Gymnich eG,0,0,72.498,small
Raiffeisenbank Haag-Gars-Maitenbeth eG,0,0,279.26,medium
Raiffeisenbank Halbenrain-Tieschen eGen,2,2,94.054,small
Raiffeisenbank Haldenwang eG,0,0,63.472,small
Raiffeisenbank Hallein eGen,2,2,273.855,medium
Raiffeisenbank Hallertau eG,0,0,272.323,medium
Raiffeisenbank Hammelburg eG,0,0,229.246,medium
Raiffeisenbank Handenberg - St. Georgen eGen (mbH),2,2,40.277,small
Raiffeisenbank Hardt-Bruhrain eG,2,2,140.571,small
Raiffeisenbank Hartberg eGen,2,0,167.0,small
Raiffeisenbank Hatzendorf-Unterlamm eGen,2,2,81.182,small
Raiffeisenbank Haunetal eG,2,0,66.248,small
Raiffeisenbank Heiligenkreuz-Kirchbach eGen,2,2,108.291,small
Raiffeisenbank Heiligenstadt i.OFr.eG,0,0,70.279,small
Raiffeisenbank Heilsbronn-Windsbach eG,0,0,262.272,medium
Raiffeisenbank Helfenberg - St. Stefan a.W. eGen (mbH),2,2,58.785,small
Raiffeisenbank Hellmonsödt eGen (mbH),2,2,41.088,small
Raiffeisenbank Hemau-Kallmünz eG,0,0,347.844,medium
Raiffeisenbank Hengersberg-Schöllnach eG,2,2,240.052,medium
Raiffeisenbank Henndorf am Wallersee eGen,2,2,74.196,small
"Raiffeisenbank Hermagor, reg. GmbH",2,2,124.845,small
Raiffeisenbank Heroldsbach eG,0,0,38.7,small
Raiffeisenbank Hersbruck eG,0,0,410.17,medium
Raiffeisenbank Hiltenfingen eG,2,2,46.384,small
Raiffeisenbank Hinterstoder und Vorderstoder eGen (mbH),2,2,48.885,small
Raiffeisenbank Hippach und Umgebung eGen,2,2,107.269,small
Raiffeisenbank Hirschau eG,0,0,130.377,small
Raiffeisenbank Hitzendorf-Rein eGen,2,2,68.454,small
Raiffeisenbank Hochfranken West eG,0,0,246.426,medium
Raiffeisenbank Hof-Koppl-Ebenau eGen,2,2,115.146,small
Raiffeisenbank Hofkirchen-Bayerbach eG,0,0,42.381,small
Raiffeisenbank Hohenau-Mauth eG,2,2,64.489,small
Raiffeisenbank Hohenems reg. GmbH,2,2,275.999,medium
Raiffeisenbank Hollabrunn eGen,0,0,221.824,medium
Raiffeisenbank Hollfeld-Waischenfeld-Aufsess eG,0,0,126.111,small
Raiffeisenbank Holzheim eG,0,0,80.004,small
Raiffeisenbank Holzkirchen-Otterfing eG,0,0,264.852,medium
Raiffeisenbank Hopfgarten im Brixental eGen,2,2,125.746,small
Raiffeisenbank Horb eG,0,0,116.652,small
Raiffeisenbank Horitschon und Umgebung eGen mbH,2,2,66.324,small
Raiffeisenbank Höchberg eG,0,0,311.784,medium
Raiffeisenbank Höhenkirchen und Umgebung eG,0,0,237.743,medium
Raiffeisenbank Hörsching-Thening eGen (mbH),2,2,149.386,small
Raiffeisenbank Hüttau-St. Martin-Niedernfritz reg. GmbH,2,2,58.188,small
Raiffeisenbank Hüttenberg-Wieting reg. GmbH,2,2,31.416,small
Raiffeisenbank Ichenhausen eG,0,0,214.333,medium
Raiffeisenbank Iller-Roth-Günz eG,2,2,663.444,large
Raiffeisenbank Illmitz eGen,0,0,38.537,small
Raiffeisenbank Ilz eGen,2,2,187.538,small
Raiffeisenbank Im Rheintal eGen,2,2,579.72,large
Raiffeisenbank Ingersheim eG,0,0,83.886,small
Raiffeisenbank Inneres Salzkammergut eGen (mbH),2,2,252.364,medium
Raiffeisenbank Innkreis Mitte eGen (mbH),2,2,145.316,small
Raiffeisenbank Irrel eG,2,2,88.774,small
Raiffeisenbank Isar-Loisachtal eG,2,2,440.875,medium
Raiffeisenbank Jenbach-Wiesing eGen,2,2,87.404,small
Raiffeisenbank Jettingen-Scheppach eG,0,0,94.061,small
Raiffeisenbank Judenburg eGen,2,2,321.308,medium
Raiffeisenbank Junkersdorf eG,0,0,80.461,small
Raiffeisenbank Kaarst eG,0,0,114.816,small
Raiffeisenbank Kaiserstuhl eG,2,2,138.586,small
Raiffeisenbank Kalbe-Bismark eG,0,0,71.146,small
Raiffeisenbank Kastellaun eG,0,2,149.429,small
Raiffeisenbank Kehrig eG,2,0,43.604,small
Raiffeisenbank Kematen eGen,2,2,123.607,small
Raiffeisenbank Kemnather Land - Steinwald eG,0,0,264.47,medium
Raiffeisenbank Keutschach-Maria Wörth reg. GmbH,2,2,65.945,small
Raiffeisenbank Kieselbronn eG,2,2,108.478,small
"Raiffeisenbank Kirchdorf Tirol, reg. GmbH",2,2,57.074,small
Raiffeisenbank Kirchheim-Walheim eG,2,2,92.261,small
Raiffeisenbank Kirchweihtal eG,0,0,266.879,medium
Raiffeisenbank Kirtorf eG,2,2,51.463,small
Raiffeisenbank Kissing-Mering eG,2,0,596.202,large
Raiffeisenbank Kitzinger Land eG,0,0,136.891,small
Raiffeisenbank Kleinmünchen/Linz eGen (mbH),2,2,187.83,small
Raiffeisenbank Klosterneuburg eGen,0,0,258.213,medium
Raiffeisenbank Knoblauchsland eG,0,0,116.462,small
Raiffeisenbank Kocher-Jagst eG,0,0,504.343,medium
Raiffeisenbank Kollerschlag eGen (mbH),2,2,46.122,small
Raiffeisenbank Kolsass und Umgebung reg.GmbH,2,2,50.061,small
Raiffeisenbank Korneuburg eGen mbH,2,0,421.212,medium
Raiffeisenbank Kraichgau eG,2,2,311.817,medium
Raiffeisenbank Krumbach/Schwaben eG,0,0,353.504,medium
Raiffeisenbank Königsdorf eGen,2,2,26.419,small
Raiffeisenbank Kössen-Schwendt eGen,2,2,115.915,small
Raiffeisenbank Köstendorf-Neumarkt-Schleedorf reg. GmbH,2,2,107.367,small
"Raiffeisenbank Kötschach-Mauthen, reg. GmbH",2,2,104.707,small
Raiffeisenbank Küps-Mitwitz-Stockheim eG,0,0,150.95,small
Raiffeisenbank Kürten-Odenthal eG,0,0,451.436,medium
Raiffeisenbank Langenschwarz eG,0,0,35.485,small
Raiffeisenbank Lech/Arlberg reg. GmbH,2,2,283.006,medium
Raiffeisenbank Leiblachtal reg. GmbH,2,2,438.018,medium
Raiffeisenbank Leibnitz eGen,2,2,338.512,medium
Raiffeisenbank Lorup eG,0,0,104.75,small
Raiffeisenbank Main-Spessart eG,0,0,1129.158,large
Raiffeisenbank Maitis eG,2,2,17.603,small
Raiffeisenbank Massbach eG,0,0,124.739,small
Raiffeisenbank Mecklenburger Seenplatte eG,0,0,359.341,medium
Raiffeisenbank Mehring-Leiwen eG,0,0,106.724,small
Raiffeisenbank Mehrstetten eG,0,0,44.923,small
Raiffeisenbank Mengkofen-Loiching eG,2,0,244.116,medium
Raiffeisenbank Mittelrhein eG,0,0,187.181,small
Raiffeisenbank Mittenwald eG,0,0,93.353,small
Raiffeisenbank Moselkrampen eG,0,0,83.809,small
Raiffeisenbank Much-Ruppichteroth eG,0,0,195.817,medium
Raiffeisenbank Mutlangen eG,2,2,274.217,medium
Raiffeisenbank Mötzingen eG Mötzingen-Iselshausen,0,0,52.62,small
Raiffeisenbank München-Nord eG,0,0,590.333,large
Raiffeisenbank München-Süd eG,2,2,651.331,large
Raiffeisenbank Nahe eG,0,0,137.34,small
Raiffeisenbank Neudenau-Stein-Herbolzheim eG,0,0,82.436,small
Raiffeisenbank Neumarkt i.d.OPf. eG,0,0,723.218,large
Raiffeisenbank Neumarkt-St. Veit - Reischach eG,2,0,240.096,medium
Raiffeisenbank Neusiedlersee-Hügelland eGen,2,2,53.681,small
Raiffeisenbank Neustadt eG,2,2,309.958,medium
Raiffeisenbank Neustadt-Vohenstrauß eG,0,0,318.188,medium
Raiffeisenbank Niedere Alb eG,2,2,118.37,small
Raiffeisenbank Niedernsill reg. GmbH,2,2,39.954,small
Raiffeisenbank Nordkreis Landsberg eG,0,0,169.52,small
Raiffeisenbank Nördliche Bergstraße eG,0,0,148.009,small
Raiffeisenbank Nüdlingen eG,2,2,74.132,small
Raiffeisenbank Oberaudorf eG,2,2,106.298,small
Raiffeisenbank Oberer Wald eG,2,2,42.306,small
Raiffeisenbank Oberes Gäu eG,2,2,119.444,small
Raiffeisenbank Oberes Mürztal eGen (mbH),2,2,180.741,small
Raiffeisenbank Oberessendorf eG,0,0,22.019,small
Raiffeisenbank Oberferrieden-Burgthann eG,0,0,129.044,small
Raiffeisenbank Oberland eG,0,0,76.589,small
Raiffeisenbank Obermain Nord eG,0,0,591.645,large
Raiffeisenbank Oberpfalz Süd eG,0,0,788.742,large
Raiffeisenbank Oberstenfeld eG,2,2,128.941,small
Raiffeisenbank Oberteuringen eG,0,0,122.134,small
Raiffeisenbank Oberursel eG,2,2,243.835,medium
Raiffeisenbank Offingen eG,0,2,50.173,small
Raiffeisenbank Oldenburg eG,2,0,501.807,medium
Raiffeisenbank Ortenburg-Kirchberg v.W. eG,2,0,235.226,medium
Raiffeisenbank Ostprignitz-Ruppin eG,0,0,226.348,medium
Raiffeisenbank Ottenbach eG,0,2,43.268,small
Raiffeisenbank Parkstetten eG,0,0,129.195,small
Raiffeisenbank Parsberg-Velburg eG,0,0,298.012,medium
Raiffeisenbank Pfaffenhofen a.d. Glonn eG,2,2,143.209,small
Raiffeisenbank Pfaffenwinkel eG,0,0,495.249,medium
Raiffeisenbank Pfeffenhausen-Rottenburg-Wildenberg eG,0,0,260.194,medium
Raiffeisenbank Plankstetten AG,2,2,52.934,small
Raiffeisenbank RSA eG,2,2,218.47,medium
Raiffeisenbank Rain am Lech eG,0,0,271.869,medium
Raiffeisenbank Raisting eG,0,0,39.58,small
Raiffeisenbank Rankweil registrierte GmbH,2,2,432.289,medium
Raiffeisenbank Rastede eG,2,2,167.092,small
Raiffeisenbank Rattiszell-Konzell eG,0,0,195.153,medium
Raiffeisenbank Ravensburg eG,2,2,261.53,medium
Raiffeisenbank Regensburg-Wenzenbach eG,0,0,486.698,medium
Raiffeisenbank Regenstauf eG,0,0,202.402,medium
Raiffeisenbank Region Braunau eGen (mbH),2,2,257.056,medium
Raiffeisenbank Region Grieskirchen eGen (mbH),2,2,381.374,medium
Raiffeisenbank Rehling eG,2,0,176.998,small
Raiffeisenbank Reute-Gaisbeuren eG,2,2,85.237,small
Raiffeisenbank Reutte reg. GmbH,2,2,702.876,large
Raiffeisenbank Rhein-Berg eG,0,0,530.672,large
Raiffeisenbank Ried eG,0,0,280.55,medium
Raiffeisenbank Ried im Traunkreis eGen (mbH),2,2,52.999,small
Raiffeisenbank Riedenburg-Lobsing eG,0,0,344.758,medium
Raiffeisenbank Riss-Umlach eG,0,0,321.858,medium
Raiffeisenbank Roggenburg-Breitenthal eG,2,2,54.836,small
Raiffeisenbank Ronshausen-Marksuhl eG,0,0,149.093,small
Raiffeisenbank Rosenstein eG,2,2,210.838,medium
Raiffeisenbank Roth-Schwabach eG,0,0,705.243,large
Raiffeisenbank Rottumtal eG,0,0,182.207,small
Raiffeisenbank Rupertiwinkel eG,0,0,265.537,medium
Raiffeisenbank Salzweg-Thyrnau eG,2,2,269.682,medium
Raiffeisenbank Sankt Augustin eG,0,0,232.375,medium
Raiffeisenbank Schaafheim eG,0,0,109.016,small
Raiffeisenbank Schleusingen eG,0,0,32.503,small
Raiffeisenbank Schrobenhausener Land eG,0,0,177.849,small
Raiffeisenbank Schrozberg-Rot am See eG,0,0,211.883,medium
Raiffeisenbank Schwabmünchen eG,2,2,248.491,medium
Raiffeisenbank Seebachgrund eG,2,0,228.337,medium
Raiffeisenbank Sillian eGen (mbH),0,0,263.568,medium
Raiffeisenbank Singoldtal eG,0,0,126.66,small
Raiffeisenbank Sinzing eG,2,2,70.871,small
Raiffeisenbank Sondelfingen eG,2,2,55.046,small
Raiffeisenbank Sonnenwald eG,0,0,153.846,small
Raiffeisenbank St. Marien eGen (mbH),2,2,96.14,small
Raiffeisenbank St. Wolfgang-Schwindkirchen eG,0,0,163.213,small
Raiffeisenbank Stauden eG,0,0,188.345,medium
Raiffeisenbank Steingaden eG,0,0,198.512,medium
Raiffeisenbank Steinheim eG,0,0,100.403,small
Raiffeisenbank Straubing eG,0,0,636.264,large
Raiffeisenbank Strücklingen-Idafehn eG,2,2,114.006,small
Raiffeisenbank Sulzbach-Rosenberg eG,0,0,335.299,medium
Raiffeisenbank Südhardt eG,2,2,307.438,medium
Raiffeisenbank Südliches Ostallgäu eG,0,0,232.006,medium
Raiffeisenbank Südstormarn Mölln eG,2,2,514.201,medium
Raiffeisenbank Tattenhausen-Großkarolinenfeld eG,2,2,59.17,small
Raiffeisenbank Taufkirchen-Oberneukirchen eG,0,0,137.449,small
Raiffeisenbank Thannhausen eG,0,0,174.539,small
Raiffeisenbank Thaur eGen,2,2,58.621,small
Raiffeisenbank Thurnauer Land eG,0,0,79.233,small
Raiffeisenbank Torgau eG,0,0,157.338,small
Raiffeisenbank Trostberg-Traunreut eG,0,0,529.549,large
Raiffeisenbank Tölzer Land eG,0,0,354.241,medium
Raiffeisenbank Tüngental eG,2,0,22.984,small
Raiffeisenbank Türkheim eG,2,2,128.344,small
Raiffeisenbank Uehlfeld-Dachsbach eG,0,0,121.685,small
Raiffeisenbank Unteres Inntal eG,0,2,119.739,small
Raiffeisenbank Unteres Vilstal eG,2,2,157.338,small
Raiffeisenbank Unteres Zusamtal eG,0,0,99.159,small
Raiffeisenbank Urbach eG,0,0,55.278,small
Raiffeisenbank Vilshofener Land eG,0,0,330.265,medium
Raiffeisenbank Volkach-Wiesentheid eG,0,0,296.851,medium
Raiffeisenbank Volkmarsen eG,0,0,101.663,small
Raiffeisenbank Vordere Alb eG,2,2,86.242,small
Raiffeisenbank Vordersteinenberg eG,2,2,29.273,small
Raiffeisenbank Voreifel eG,0,0,734.514,large
Raiffeisenbank Wald-Görisried eG,0,0,36.498,small
Raiffeisenbank Waldaschaff-Heigenbrücken eG,0,0,261.331,medium
Raiffeisenbank Wallgau-Krün eG,2,2,38.368,small
Raiffeisenbank Wangen eG,2,0,156.078,small
Raiffeisenbank Wegscheid eG,0,0,72.578,small
Raiffeisenbank Weiden eG,0,0,665.207,large
Raiffeisenbank Weissach eG,0,0,96.362,small
Raiffeisenbank Weißenburg - Gunzenhausen eG,0,0,964.097,large
Raiffeisenbank Welling eG,2,2,65.783,small
"Raiffeisenbank Wernberg, reg. GmbH",2,2,57.698,small
Raiffeisenbank Werratal-Landeck eG,0,0,195.39,medium
Raiffeisenbank Wesermarsch-Süd eG,2,2,204.484,medium
Raiffeisenbank Westallgäu eG,0,0,279.908,medium
Raiffeisenbank Westeifel eG,2,2,342.545,medium
Raiffeisenbank Westhausen eG,0,0,118.392,small
Raiffeisenbank Westkreis Fürstenfeldbruck eG,0,2,262.69,medium
Raiffeisenbank Wiesedermeer-Wiesede-Marcardsmoor eG,2,2,30.899,small
Raiffeisenbank Wimsheim-Mönsheim eG,0,0,76.746,small
Raiffeisenbank Wittislingen eG,0,0,66.495,small
Raiffeisenbank Wyhl eG,2,0,83.784,small
Raiffeisenbank Wüstenselbitz eG,0,2,34.906,small
Raiffeisenbank Zeller Land eG,0,0,204.48,medium
Raiffeisenbank Zirndorf eG,0,0,154.593,small
Raiffeisenbank Zorneding eG,2,2,371.357,medium
Raiffeisenbank am Bodensee reg. GmbH,2,2,746.356,large
Raiffeisenbank am Dreisessel eG,2,2,106.246,small
Raiffeisenbank am Hofsteig reg. GmbH,2,2,394.685,medium
Raiffeisenbank am Kulm eG,0,0,72.393,small
Raiffeisenbank am Rothsee eG,0,0,234.438,medium
Raiffeisenbank amKumma eGen,2,2,273.24,medium
Raiffeisenbank eG Aldenhoven,0,0,81.475,small
Raiffeisenbank eG Asbach-Sorga,2,2,43.039,small
Raiffeisenbank eG Baunatal,0,0,494.556,medium
Raiffeisenbank eG Borken,2,0,198.432,medium
Raiffeisenbank eG Calden,0,0,210.985,medium
Raiffeisenbank eG Elztal,0,0,94.32,small
Raiffeisenbank eG Großenlüder,0,0,279.694,medium
Raiffeisenbank eG Gundelfingen,2,0,232.607,medium
Raiffeisenbank eG Heide,2,0,301.299,medium
Raiffeisenbank eG Offenbach/M.-Bieber,2,2,111.502,small
Raiffeisenbank eG Scharrel,2,2,152.842,small
Raiffeisenbank eG Simmerath,0,0,223.394,medium
Raiffeisenbank eG Unterwesterwald,2,2,43.472,small
Raiffeisenbank eG Wolfhagen,0,0,271.756,medium
"Raiffeisenbank eG, Bargteheide",2,2,143.061,small
"Raiffeisenbank eG, Ebsdorfergrund",2,2,164.01,small
"Raiffeisenbank eG, Flieden",0,0,106.958,small
"Raiffeisenbank eG, Handewitt",2,2,179.366,small
"Raiffeisenbank eG, Henstedt-Ulzburg",2,2,395.254,medium
"Raiffeisenbank eG, Herxheim",0,0,174.52,small
"Raiffeisenbank eG, Niederwallmenach",0,0,30.015,small
"Raiffeisenbank eG, Ratzeburg",2,2,84.167,small
"Raiffeisenbank eG, Rodenbach",0,2,213.936,medium
"Raiffeisenbank eG, Seestermühe",2,2,34.009,small
"Raiffeisenbank eG, Struvenhütten",2,2,13.733,small
Raiffeisenbank i. Lkrs. Passau-Nord eG,0,0,350.836,medium
Raiffeisenbank i. Südl. Bayerischen Wald eG,0,2,308.2,medium
Raiffeisenbank im Allgäuer Land eG,0,0,825.431,large
Raiffeisenbank im Grabfeld eG,0,0,87.916,small
Raiffeisenbank im Kreis Calw eG,0,0,378.919,medium
Raiffeisenbank im Naabtal eG,0,0,546.611,large
Raiffeisenbank im Oberland eG,2,2,476.561,medium
Raiffeisenbank im Stiftland eG,0,0,542.163,large
Raiffeisenbank im Vorderen Zillertal Fügen Fügenberg Kaltenbach Ried und Uderns,2,2,170.283,small
Raiffeisenbank im Weinviertel eGen mbH,0,3,237.612,medium
Raiffeisenbezirksbank Güssing eGen,2,2,406.411,medium
Raiffeisenbezirksbank Jennersdorf eGen,2,2,125.615,small
Raiffeisenbezirksbank Mattersburg eGen,0,0,152.457,small
Raiffeisenbezirksbank Oberpullendorf eGen,2,2,148.006,small
Raiffeisenbezirksbank Oberwart eGen,2,2,583.535,large
Raiffeisenkasse Blindenmarkt eGen mbH,2,2,46.044,small
Raiffeisenkasse Dobersberg-Waldkirchen eGen mbH,2,2,45.683,small
Raiffeisenkasse Erbes-Büdesheim und Umgebung eG,2,2,46.198,small
Raiffeisenkasse Ernstbrunn eGen,2,2,38.079,small
Raiffeisenkasse Großweikersdorf-Wiesendorf-Ruppersthal eGen,2,2,79.637,small
Raiffeisenkasse Günselsdorf eGen mbH,2,0,58.716,small
Raiffeisenkasse Haidershofen eGen mbH,2,2,175.522,small
Raiffeisenkasse Hallwang eGen,2,2,71.727,small
Raiffeisenkasse Hart eGen,2,2,30.048,small
Raiffeisenkasse Heiligeneich reg. GmbH,2,2,59.324,small
Raiffeisenkasse Kirchschlag in der Buckligen Welt eGen,2,2,38.216,small
Raiffeisenkasse Kuchl reg. GmbH,2,2,228.987,medium
Raiffeisenkasse Lienzer Talboden eGen,2,2,55.561,small
Raiffeisenkasse Mieders-Schönberg reg. GmbH,2,2,51.041,small
Raiffeisenkasse Neusiedl an der Zaya eGen mbH,2,2,168.356,small
Raiffeisenkasse Orth an der Donau eGen,2,2,169.649,small
Raiffeisenkasse Pottschach reg. GmbH,2,2,48.001,small
Raiffeisenkasse Poysdorf reg. GmbH,0,0,122.92,small
"Raiffeisenkasse Retz-Pulkautal, reg. GmbH",0,0,224.173,medium
Raiffeisenkasse Rum-Innsbruck/Arzl reg. GmbH,2,2,60.635,small
Raiffeisenkasse Schlitters-Bruck-Straß reg. GmbH,2,2,33.223,small
Raiffeisenkasse St.Urban reg. GmbH,2,2,10.134,small
"Raiffeisenkasse Stumm, Stummerberg und Umgebung reg. GmbH",2,2,61.306,small
"Raiffeisenkasse Villgratental, reg. GmbH",2,2,30.732,small
"Raiffeisenkasse Volders und Umgebung, reg. GmbH",2,2,51.594,small
Raiffeisenkasse Weerberg reg. GmbH,2,2,35.56,small
Raiffeisenkasse Werfen reg. GmbH,2,2,80.585,small
Raiffeisenkasse Wiesmath-Hochwolkersdorf reg. GmbH,2,2,66.434,small
Raiffeisenkasse Ziersdorf reg. GmbH,2,2,70.537,small
"Raiffeisenkasse Zistersdorf-Dürnkrut, reg. GmbH",2,0,299.862,medium
"Raiffeisenkasse für Mutters, Natters und Kreith, reg.GmbH",2,2,51.371,small
Raiffeisenlandesbank Oberösterreich AG,2,0,32875.46,large
Raiffeisenregionalbank Wiener Neustadt eGen mbH,2,0,429.851,medium
Raiffeisenverband Salzburg eGen,2,0,8023.623,large
Rheingauer Volksbank eG,0,0,655.069,large
RiminiBanca Credito Cooperativo di Rimini e Valmarecchia SC,1,0,762.0,large
Rostocker Volks- und Raiffeisenbank eG,0,0,489.133,medium
Rottaler Raiffeisenbank eG,0,0,512.957,medium
Rottaler Volksbank-Raiffeisenbank eG,2,0,614.999,large
RovigoBanca - Credito Cooperativo SC,1,1,789.377,large
Rüsselsheimer Volksbank eG,2,2,551.914,large
SANFELICE 1893 Banca Popolare SCpA,1,1,776.994,large
SGB-Bank SA,0,0,1818.929,large
SIGNAL IDUNA Bauspar AG,2,2,745.201,large
Saffron Building Society,0,2,1086.091,large
Salzburger Landes-Hypothekenbank AG,0,0,5145.038,large
Scharnhauser Bank eG,2,2,101.775,small
Schleswiger Volksbank eG Volksbank Raiffeisenbank,2,2,558.738,large
Schrobenhausener Bank eG,0,0,188.182,medium
Scottish Building Society,2,2,381.54,medium
Skipton Building Society,2,0,15876.119999999999,large
Spar- und Darlehnskasse Aegidienberg eG,0,0,63.205,small
Spar- und Darlehnskasse Bockum-Hövel eG,0,0,225.981,medium
Spar- und Darlehnskasse Börde Lamstedt-Hechthausen eG,0,0,113.283,small
Spar- und Darlehnskasse Hoengen eG,2,0,84.721,small
Spar- und Darlehnskasse Reken eG,2,2,177.713,small
Spar- und Darlehnskasse Stockhausen eG,0,0,15.351,small
Spar- und Darlehnskasse eG,2,2,271.084,medium
Spar- und Kreditbank Bühlertal eG,0,0,60.996,small
Spar- und Kreditbank Dauchingen eG,2,2,28.126,small
Spar- und Kreditbank Evangelisch-Freikirchlicher Gemeinden eG,2,2,151.918,small
Spar- und Kreditbank Hardt eG,2,2,267.975,medium
Spar- und Kreditbank Rheinstetten eG,2,2,205.028,medium
Spar- und Kreditbank eG,2,2,247.205,medium
"Spar- und Kreditbank eG, Hammah",2,2,105.256,small
Sparda-Bank Augsburg eG,0,0,1254.697,large
Sparda-Bank Baden-Württemberg eG,0,2,10630.89,large
Sparda-Bank Berlin eG,0,0,5348.25,large
Sparda-Bank Hamburg eG,0,0,3061.055,large
Sparda-Bank Hannover eG,2,0,4219.957,large
Sparda-Bank Hessen eG,0,0,5231.471,large
Sparda-Bank München eG,0,0,5769.531,large
Sparda-Bank Münster eG,0,0,2305.113,large
Sparda-Bank Nürnberg eG,0,0,3167.329,large
Sparda-Bank Ostbayern eG,0,0,1787.206,large
Sparda-Bank Südwest eG,0,0,8272.443500000001,large
Sparda-Bank West eG,0,0,7500.993,large
Sparkasse Kierspe-Meinerzhagen,2,0,625.409,large
Sydbottens Andelsbank,2,2,735.613,large
Sylter Bank eG,0,0,240.997,medium
Teachers Building Society,2,2,278.6312,medium
Unione di Banche Italiane SpA,2,2,121723.65,large
Unsere Volksbank eG St. Wendeler Land,0,2,505.756,medium
Untertürkheimer Volksbank eG,0,0,729.606,large
VB Wilferdingen-Keltern eG,2,0,675.788,large
VBU Volksbank im Unterland eG,0,0,680.305,large
VIBanca – Banca di Credito Cooperativo di S. Pietro in Vincio – SC,1,2,262.067,medium
VR BANK Dinklage-Steinfeld eG,2,2,294.333,medium
VR Bank Alzey-Land-Schwabenheim eG,2,2,42.832,small
VR Bank Bad Orb-Gelnhausen eG,0,0,373.453,medium
VR Bank Bamberg eG Raiffeisen-Volksbank,0,0,898.99,large
VR Bank Biedenkopf-Gladenbach eG,0,0,727.025,large
VR Bank Burglengenfeld eG,0,0,243.575,medium
VR Bank Dinkelsbühl eG,0,0,610.62,large
VR Bank Flensburg-Schleswig eG,2,0,858.915,large
VR Bank Hof eG,0,0,999.128,large
VR Bank Hohenneuffen-Teck eG,0,0,334.894,medium
VR Bank Kaufbeuren-Ostallgäu eG,0,0,1043.755,large
VR Bank Kitzingen eG,0,0,672.77,large
VR Bank Lausitz eG,0,0,428.609,medium
VR Bank Main-Kinzig-Büdingen eG,2,0,2204.614,large
VR Bank Mittelhaardt eG,2,2,372.895,medium
VR Bank München Land eG,2,2,1229.904,large
VR Bank Neuburg-Rain eG,0,0,699.414,large
VR Bank Neumünster eG,2,2,952.571,large
VR Bank Oldenburg Land West eG,0,2,286.047,medium
VR Bank Ostholstein Nord - Plön eG,2,2,1018.981,large
VR Bank Rhein-Mosel eG,0,0,573.934,large
VR Bank Rhein-Neckar eG,0,0,3233.506,large
VR Bank Schlüchtern-Birstein eG,0,0,259.708,medium
VR Bank Schwäbisch Hall-Crailsheim eG,0,0,1476.138,large
VR Bank Südliche Weinstraße eG,2,0,550.8,large
VR Bank Südpfalz eG,2,2,1614.956,large
VR Bank Weimar eG,0,0,322.42,medium
VR Bank Westthüringen eG,0,0,672.375,large
VR Bank eG Bergisch Gladbach,0,0,1087.275,large
VR Bank eG Steinlach-Wiesaz-Härten,0,2,342.559,medium
"VR Bank eG, Alsheim",2,2,52.623,small
"VR Bank eG, Niebüll",2,2,969.635,large
VR Bank im Enzkreis eG,0,0,264.072,medium
VR Genossenschaftsbank Fulda eG,0,0,1023.791,large
VR meine Bank eG,0,0,734.339,large
VR meine Raiffeisenbank eG,0,0,1620.663,large
VR-Bank Aalen eG,2,0,1083.329,large
VR-Bank Alb eG,0,0,311.352,medium
VR-Bank Altenburger Land eG,0,0,448.641,medium
VR-Bank Asperg-Markgröningen eG,0,0,896.726,large
VR-Bank Bad Hersfeld-Rotenburg eG,2,0,539.037,large
VR-Bank Bad Salzungen Schmalkalden eG,0,0,401.496,medium
VR-Bank Bonn eG,0,0,564.236,large
VR-Bank Burghausen-Mühldorf eG,0,0,359.087,medium
VR-Bank Chattengau eG,0,0,328.548,medium
VR-Bank Coburg eG,0,0,1058.665,large
VR-Bank Donau-Mindel eG,0,0,383.445,medium
VR-Bank Ellwangen eG,0,0,550.602,large
VR-Bank Erding eG,0,0,340.826,medium
VR-Bank Erlangen-Höchstadt-Herzogenaurach eG,0,0,1018.574,large
VR-Bank Feuchtwangen-Limes eG,0,0,409.308,medium
VR-Bank Fichtelgebirge eG,0,0,346.6,medium
VR-Bank Fläming eG,0,0,419.081,medium
VR-Bank Gerolzhofen eG,2,2,262.091,medium
VR-Bank Handels- und Gewerbebank eG,0,0,1545.417,large
VR-Bank Hunsrück-Mosel eG,0,0,314.056,medium
VR-Bank Ismaning Hallbergmoos Neufahrn eG,2,0,543.554,large
VR-Bank Kreis Steinfurt eG,2,0,1089.896,large
VR-Bank Landau eG,0,0,757.973,large
VR-Bank Landsberg-Ammersee eG,2,0,542.202,large
VR-Bank Landshut eG,0,0,393.69,medium
VR-Bank Langenau-Ulmer Alb eG,0,0,519.955,medium
VR-Bank Memmingen eG,0,0,830.868,large
VR-Bank Mittelfranken West eG,0,0,851.266,large
VR-Bank Mittelsachsen eG,0,0,639.432,large
VR-Bank Neckar-Enz eG,0,0,573.198,large
VR-Bank Neu-Ulm eG,2,0,469.676,medium
VR-Bank Neu-Ulm/Weißenhorn eG,2,0,760.292,large
VR-Bank NordRhön eG,0,0,689.755,large
VR-Bank Nordeifel eG,0,0,506.908,medium
VR-Bank Passau eG,2,0,824.151,large
VR-Bank Pirmasens eG,2,0,325.68,medium
VR-Bank Rhein-Erft eG,0,0,890.562,large
VR-Bank Rhein-Sieg eG,2,0,1540.528,large
VR-Bank Rhön-Grabfeld eG,0,0,434.532,medium
VR-Bank Rothenburg o.d.Tbr. eG,2,0,525.634,large
VR-Bank Rottal-Inn eG,2,2,1568.679,large
VR-Bank Rur-Wurm eG,0,2,75.447,small
VR-Bank Schwalm-Eder Volksbank Raiffeisenbank eG,0,2,634.129,large
VR-Bank Schweinfurt eG,0,0,775.051,large
VR-Bank Spangenberg-Morschen eG,0,0,113.871,small
VR-Bank Südwestpfalz eG Pirmasens - Zweibrücken,0,0,317.322,medium
VR-Bank Taufkirchen-Dorfen eG,0,0,614.474,large
VR-Bank Uckermark-Randow eG,0,0,465.371,medium
VR-Bank Vilsbiburg eG,0,0,464.025,medium
VR-Bank Weinstadt eG,0,0,120.562,small
VR-Bank Werdenfels eG,2,0,521.656,medium
VR-Bank Werra-Meißner eG,0,0,791.384,large
VR-Bank Westmünsterland eG,2,2,1764.627,large
VR-Bank eG,0,0,495.539,medium
VR-Bank eG Alzenau,0,0,416.864,medium
VR-Bank eG Schopfheim-Maulburg,2,2,340.622,medium
VR-Bank eG im Altkreis Bersenbrück,2,2,211.044,medium
VR-Bank in Mittelbaden eG,0,0,710.332,large
VR-Bank in Südniedersachsen eG,0,0,461.316,medium
VVB Vereinigte Volksbank Maingau eG,0,0,1868.625,large
Vanquis Bank Ltd.,0,0,431.5523,medium
Veneto Banca SpA,1,2,21342.33,large
Vereinigte Genossenschafts- und Raiffeisenbank Westpfalz eG,2,2,453.998,medium
Vereinigte Raiffeisenbank Burgstädt eG,0,0,102.845,small
Vereinigte Raiffeisenbanken Gräfenberg-Forchheim-Eschenau-Heroldsberg eG,0,0,623.402,large
Vereinigte Sparkassen im Landkreis Weilheim i. OB,2,2,1590.24,large
Vereinigte Volksbank AG,0,0,2337.796,large
Vereinigte Volksbank Münster eG,2,0,1032.438,large
Vereinigte Volksbank Raiffeisenbank eG,0,0,742.894,large
Vereinigte Volksbank eG Dillingen * Dudweiler * Sulzbach/Saar,2,2,728.03,large
Vereinigte Volksbank eG Limburg,2,2,568.806,large
"Vereinigte Volksbank eG, Wernigerode",0,0,498.529,medium
Vierländer Volksbank eG,0,2,154.7,small
Volks- und Raiffeisenbank Eisleben eG,0,0,114.076,small
Volks- und Raiffeisenbank Fürstenwalde Seelow Wriezen eG,0,0,225.695,medium
Volks- und Raiffeisenbank Muldental eG,0,0,335.764,medium
Volks- und Raiffeisenbank Neuwied-Linz eG,0,0,665.79,large
Volks- und Raiffeisenbank Prignitz eG,2,0,437.844,medium
Volks- und Raiffeisenbank Saale-Unstrut eG,0,0,314.333,medium
Volks- und Raiffeisenbank Saarpfalz eG,0,0,371.37,medium
Volks- und Raiffeisenbank Zeitz eG,0,0,75.141,small
Volks- und Raiffeisenbank eG,0,0,406.729,medium
Volks- und Raiffeisenbank eG Leinebergland,0,0,86.129,small
Volksbank Achern eG,0,2,953.781,large
Volksbank Albstadt eG,0,0,717.571,large
Volksbank Aller-Weser eG,0,0,357.981,medium
Volksbank Allgäu-West eG,0,0,767.784,large
Volksbank Altshausen eG,0,0,313.797,medium
Volksbank Alzey-Worms eG,2,2,1154.188,large
Volksbank Amelsbüren eG,2,2,56.404,small
Volksbank Ammerbuch eG,2,2,188.7,medium
Volksbank Aschaffenburg eG,0,0,141.23,small
Volksbank Ascheberg-Herbern eG,2,2,151.24,small
Volksbank Backnang eG,2,2,1164.027,large
Volksbank Bad Münder eG,2,2,222.816,medium
Volksbank Bad Oeynhausen-Herford eG,0,0,1466.654,large
Volksbank Bad Salzuflen eG,0,0,592.538,large
Volksbank Bad Saulgau eG,0,0,833.257,large
Volksbank Baden-Baden Rastatt eG,0,0,1680.747,large
Volksbank Baiersbronn Murgtal eG,2,2,146.899,small
Volksbank Bakum eG,2,2,56.223,small
Volksbank Balingen eG,0,0,482.044,medium
Volksbank Baumberge eG,0,0,382.538,medium
Volksbank Bautzen eG,0,0,751.287,large
Volksbank Beilstein-Ilsfeld-Abstatt eG,0,0,345.399,medium
Volksbank Bielefeld-Gütersloh eG,0,0,1981.585,large
Volksbank Bigge-Lenne eG,0,0,1179.394,large
Volksbank Bitburg eG,2,0,634.036,large
Volksbank Blaubeuren eG,0,0,171.786,small
Volksbank Bocholt eG,2,2,894.861,large
Volksbank Bochum Witten eG,0,0,891.721,large
Volksbank Bonn Rhein-Sieg eG,0,0,2117.756,large
Volksbank Bookholzberg-Lemwerder eG,2,2,125.557,small
Volksbank Brackenheim-Güglingen eG,2,2,502.87,medium
Volksbank Bramgau-Wittlage eG,0,0,468.045,medium
Volksbank Brandoberndorf eG,2,0,37.526,small
Volksbank Breisgau Nord eG,0,0,1331.83,large
Volksbank Breisgau-Süd eG,0,0,850.511,large
Volksbank Bremen-Nord eG,2,2,286.974,medium
Volksbank Brenztal eG,2,2,417.78,medium
Volksbank Brilon-Büren-Salzkotten eG,2,2,811.183,large
Volksbank Bruchsal-Bretten eG,0,0,1305.105,large
Volksbank Bruhrain-Kraich-Hardt eG,2,2,814.135,large
Volksbank Butzbach eG,0,0,302.832,medium
Volksbank Bönen eG,2,2,156.069,small
Volksbank Börde-Bernburg eG,0,0,306.546,medium
Volksbank Börßum-Hornburg eG,2,2,153.016,small
Volksbank Bösel eG,2,2,210.884,medium
Volksbank Bühl eG,0,0,957.081,large
Volksbank Chemnitz eG,0,0,680.29,large
Volksbank Clenze-Hitzacker eG,2,0,108.679,small
Volksbank Cloppenburg eG,2,2,308.006,medium
Volksbank Daaden eG,0,0,191.369,medium
Volksbank Dammer Berge eG,2,2,298.773,medium
Volksbank Darmstadt - Südhessen eG,2,2,2092.163,large
Volksbank Deisslingen eG,0,0,168.021,small
Volksbank Delitzsch eG,0,0,263.097,medium
Volksbank Demmin eG,0,0,183.201,small
Volksbank Dessau-Anhalt eG,0,0,273.797,medium
Volksbank Dettenhausen eG,2,2,56.962,small
Volksbank Dill eG,0,0,596.928,large
Volksbank Dinslaken eG,2,0,259.243,medium
Volksbank Donau-Neckar eG,0,0,1205.726,large
Volksbank Dornstetten eG,0,0,248.936,medium
Volksbank Dorsten eG,0,0,512.534,medium
Volksbank Dortmund-Nordwest eG,0,0,438.769,medium
Volksbank Dreieich eG,2,2,1040.664,large
Volksbank Dreiländereck eG,0,0,981.743,large
Volksbank Dünnwald-Holweide eG,0,0,148.979,small
Volksbank Düren eG,0,0,186.475,small
Volksbank Düsseldorf Neuss eG,0,0,1246.681,large
Volksbank Eifel eG,0,0,553.21,large
Volksbank Eisenberg eG,0,0,260.556,medium
Volksbank Elsen-Wewer-Borchen eG,2,0,231.991,medium
Volksbank Elsterland eG,0,0,197.793,medium
Volksbank Emmerich-Rees eG,2,2,590.492,large
Volksbank Emstal eG,2,2,364.521,medium
Volksbank Emstek eG,2,2,160.075,small
Volksbank Enniger-Ostenfelde-Westkirchen eG,2,2,104.386,small
Volksbank Erft eG,0,0,657.384,large
Volksbank Erkelenz eG,0,0,609.367,large
Volksbank Erle eG,2,2,74.462,small
Volksbank Ermstal-Alb eG,2,0,1018.055,large
Volksbank Esens eG,2,2,182.247,small
Volksbank Essen-Cappeln eG,2,2,238.433,medium
Volksbank Esslingen eG,2,2,1173.334,large
Volksbank Ettlingen eG,0,0,727.013,large
Volksbank Euskirchen eG,2,0,956.923,large
Volksbank Eutin Raiffeisenbank eG,2,0,338.762,medium
Volksbank Feldatal eG,0,0,35.862,small
Volksbank Filder eG,2,2,613.865,large
Volksbank Flein-Talheim eG,2,0,205.165,medium
Volksbank Forchheim eG,0,0,782.546,large
Volksbank Franken eG,2,2,742.066,large
Volksbank Freiburg eG,0,0,2390.662,large
Volksbank Friedrichshafen eG,2,0,358.136,medium
Volksbank GMHütte-Hagen-Bissendorf eG,2,0,379.53,medium
Volksbank Ganderkesee-Hude eG,2,2,336.078,medium
Volksbank Geest eG,2,0,428.669,medium
Volksbank Geeste-Nord eG,0,2,111.97,small
Volksbank Gemen eG,0,2,93.216,small
Volksbank Gescher eG,2,2,159.851,small
Volksbank Glan-Münchweiler eG,2,2,420.662,medium
Volksbank Greven eG,2,0,429.567,medium
Volksbank Griesheim eG,0,0,306.9,medium
Volksbank Gronau-Ahaus eG,2,2,1582.976,large
Volksbank Göppingen eG,0,0,1704.014,large
Volksbank Göttingen eG,0,0,699.667,large
Volksbank Halle (Saale) eG,0,0,475.556,medium
Volksbank Halle/Westf. eG,2,2,380.991,medium
Volksbank Haltern eG,0,0,374.674,medium
Volksbank Hameln-Stadthagen eG,0,0,1096.561,large
Volksbank Hamm/Sieg eG,2,2,103.168,small
Volksbank Hankensbüttel-Wahrenholz eG,0,0,164.562,small
Volksbank Haselünne eG,2,2,181.564,small
Volksbank Heiden eG,2,2,154.859,small
Volksbank Heilbronn eG,0,0,1783.298,large
Volksbank Heiligenstadt eG,0,0,154.711,small
Volksbank Heimbach eG,0,0,43.424,small
Volksbank Heinsberg eG,0,0,804.6,large
Volksbank Hellweg eG,0,2,1159.466,large
Volksbank Helmstedt eG,0,0,615.557,large
Volksbank Herborn-Eschenburg eG,0,0,296.569,medium
Volksbank Herrenberg-Nagold-Rottenburg eG,0,0,1176.239,large
Volksbank Heuberg eG,0,0,148.102,small
Volksbank Heuchelheim eG,0,2,374.778,medium
Volksbank Hildesheimer Börde eG,0,0,516.913,medium
Volksbank Hochrhein eG,0,0,954.334,large
Volksbank Hochwald-Saarburg eG,2,2,369.15,medium
Volksbank Hohenlimburg eG,2,0,348.136,medium
Volksbank Hohenlohe eG,2,0,1623.276,large
Volksbank Hohenzollern-Balingen eG,0,0,572.254,large
Volksbank Hunsrück-Nahe eG,0,0,1047.07,large
Volksbank Höchst a.M. eG,0,0,325.256,medium
Volksbank Hörste eG,2,2,41.495,small
Volksbank Immenstadt eG,0,0,54.045,small
Volksbank Jerichower Land eG,0,0,214.758,medium
Volksbank Jever eG,2,2,760.15,large
Volksbank Kaiserslautern-Nordwestpfalz eG,2,2,812.612,large
Volksbank Kamen-Werne eG,0,0,316.439,medium
Volksbank Karlsruhe eG,0,0,2060.243,large
Volksbank Kehdingen eG,2,2,235.036,medium
Volksbank Kempen-Grefrath eG,0,0,312.371,medium
Volksbank Kierspe eG,0,0,112.714,small
Volksbank Kinzigtal eG,0,0,517.916,medium
Volksbank Kirchheim-Nürtingen eG,2,2,1565.294,large
Volksbank Kirchhellen eG Bottrop,2,0,578.227,large
Volksbank Kirnau eG,0,0,146.7,small
Volksbank Klettgau-Wutöschingen eG,2,0,343.661,medium
Volksbank Kleverland eG,2,0,615.561,large
Volksbank Koblenz Mittelrhein eG,0,0,637.934,large
Volksbank Kraichgau Wiesloch-Sinsheim eG,0,2,2768.648,large
Volksbank Krautheim eG,0,0,106.016,small
Volksbank Krefeld eG,0,0,970.164,large
Volksbank Kur- und Rheinpfalz eG,2,2,2456.382,large
Volksbank Kurpfalz eG,0,0,1430.835,large
Volksbank Laer-Horstmar-Leer eG,2,2,160.751,small
Volksbank Lahr eG,0,0,2063.556,large
Volksbank Laichinger Alb eG,2,2,430.69,medium
Volksbank Langendernbach eG,2,0,63.68,small
Volksbank Lauterbach-Schlitz eG,0,0,377.644,medium
Volksbank Lauterecken eG,0,0,185.956,small
Volksbank Lembeck - Rhade eG,0,0,153.241,small
Volksbank Lette-Darup-Rorup eG,0,0,124.167,small
Volksbank Limbach eG,0,2,64.574,small
Volksbank Lindenberg eG,0,0,245.77,medium
Volksbank Lingen eG,2,2,693.326,large
Volksbank Lohne-Mühlen eG,2,0,333.042,medium
Volksbank Ludwigsburg eG,0,0,1959.959,large
Volksbank Löbau-Zittau eG,0,0,399.837,medium
Volksbank Lübbecker Land eG,2,0,935.496,large
Volksbank Lübeck eG,0,2,491.33,medium
Volksbank Lüdinghausen-Olfen eG,2,0,324.117,medium
Volksbank Lüneburger Heide eG,0,0,2415.424,large
Volksbank Magdeburg eG,2,2,537.864,large
Volksbank Magstadt eG,2,2,113.099,small
Volksbank Main-Tauber eG,0,0,1718.77,large
Volksbank Mainspitze eG,2,2,719.172,large
Volksbank Marl-Recklinghausen eG,0,0,998.281,large
Volksbank Marsberg eG,0,0,180.737,small
Volksbank Meerbusch eG,0,0,197.556,medium
Volksbank Meßkirch eG Raiffeisenbank,0,0,280.317,medium
Volksbank Mindener Land eG,0,2,625.3,large
Volksbank Mitte eG,0,0,574.237,large
Volksbank Mittelhessen eG,2,2,5765.048,large
Volksbank Mittleres Erzgebirge eG,0,0,225.212,medium
Volksbank Mittweida eG,2,0,593.137,large
Volksbank Modau eG,2,2,310.504,medium
Volksbank Montabaur - Höhr-Grenzhausen eG,0,0,407.605,medium
Volksbank Muellheim eG,0,0,515.099,medium
Volksbank Möckmühl-Neuenstadt eG,0,0,507.929,medium
Volksbank Mönchengladbach eG,0,0,798.448,large
Volksbank Mülheim-Kärlich eG,0,0,149.5,small
Volksbank Münsingen - Raiffeisen und Volksbank eG,2,2,356.79,medium
Volksbank Nahe Schaumberg eG,2,2,148.24,small
Volksbank Neckartal eG,0,0,1538.233,large
Volksbank Neuenkirchen-Vörden eG,2,2,119.952,small
Volksbank Niedergrafschaft eG,2,2,341.955,medium
Volksbank Niederrhein eG,0,0,1054.268,large
Volksbank Nordharz eG,2,0,352.193,medium
Volksbank Nordhümmling eG,2,2,123.781,small
Volksbank Nordoberpfalz eG,2,0,720.794,large
Volksbank Nordschwarzwald eG,0,0,290.041,medium
Volksbank Nottuln eG,2,2,214.525,medium
Volksbank Ober-Mörlen eG,0,0,91.41,small
Volksbank Oberberg eG,2,2,2334.617,large
Volksbank Ochtrup eG,2,0,382.963,medium
Volksbank Odenwald eG,2,2,1511.066,large
Volksbank Oelde-Ennigerloh-Neubeckum eG,0,0,552.02,large
Volksbank Oldenburg eG,2,2,524.321,large
Volksbank Olpe-Wenden-Drolshagen eG,0,0,522.831,large
Volksbank Osnabrück eG,2,0,599.096,large
Volksbank Osnabrücker Nordland eG,2,2,194.683,medium
Volksbank Osterburg-Lüchow-Dannenberg eG,0,0,518.016,medium
Volksbank Ostlippe eG,0,0,165.415,small
Volksbank Paderborn-Höxter-Detmold eG,2,2,3736.847,large
Volksbank Pforzheim eG,0,0,2498.697,large
Volksbank Pfullendorf eG,0,0,151.786,small
Volksbank Pirna eG,0,0,224.314,medium
Volksbank Plochingen eG,0,0,1153.591,large
Volksbank Raesfeld eG,0,0,100.885,small
Volksbank Raiffeisenbank Bad Kissingen-Bad Brückenau eG,0,0,584.43,large
Volksbank Raiffeisenbank Bayern Mitte eG,0,2,1851.21,large
Volksbank Raiffeisenbank Dachau eG,0,2,1421.001,large
Volksbank Raiffeisenbank Fürstenfeldbruck eG,2,0,1202.244,large
Volksbank Raiffeisenbank Glauchau eG,0,0,344.358,medium
Volksbank Raiffeisenbank Meißen Großenhain eG,0,0,378.366,medium
Volksbank Raiffeisenbank Niederschlesien eG,0,0,333.605,medium
Volksbank Raiffeisenbank Nürnberg eG,2,2,1015.236,large
Volksbank Raiffeisenbank Oberbayern Südost eG,2,0,1423.036,large
Volksbank Raiffeisenbank Rhön-Grabfeld eG,0,0,414.379,medium
Volksbank Raiffeisenbank Rosenheim-Chiemsee eG,0,0,2237.799,large
Volksbank Raiffeisenbank Starnberg-Herrsching-Landsberg eG,2,2,1479.751,large
Volksbank Raiffeisenbank Würzburg eG,0,0,1556.999,large
Volksbank Raiffeisenbank eG Itzehoe,0,0,721.841,large
"Volksbank Raiffeisenbank eG, Greifswald",0,0,427.628,medium
Volksbank Rathenow eG,0,0,249.699,medium
Volksbank Regensburg eG,2,0,672.695,large
Volksbank Region Leonberg eG,0,0,642.453,large
Volksbank Reiste-Eslohe eG,0,0,241.305,medium
Volksbank Remscheid-Solingen eG,0,2,1387.443,large
Volksbank Remseck eG,0,0,195.764,medium
Volksbank Reutlingen eG,2,0,1204.118,large
Volksbank Rhede eG,2,2,445.726,medium
Volksbank Rhein-Lahn eG,2,2,901.662,large
Volksbank Rhein-Lippe eG,2,2,858.81,large
Volksbank Rhein-Nahe-Hunsrück eG,2,2,1247.231,large
Volksbank Rhein-Ruhr eG,0,0,1259.777,large
Volksbank Rhein-Wehra eG,0,0,560.176,large
Volksbank Rhein-Wupper eG,2,2,498.9,medium
Volksbank RheinAhrEifel eG,0,0,1716.393,large
Volksbank Rheinböllen eG,0,0,133.996,small
Volksbank Riesa eG,0,0,300.566,medium
Volksbank Rietberg eG,0,0,405.321,medium
Volksbank Rot eG,0,0,99.744,small
Volksbank Rottweil eG,0,0,682.385,large
Volksbank Ruhr Mitte eG,0,0,1819.762,large
Volksbank Saar-West eG,2,0,432.826,medium
Volksbank Saerbeck eG,2,2,53.721,small
Volksbank Sandhofen eG,2,2,209.2,medium
Volksbank Sauerland eG,2,2,1101.33,large
Volksbank Schermbeck eG,2,2,372.844,medium
Volksbank Schlangen eG,0,0,157.62,small
Volksbank Schnathorst eG,2,0,210.011,medium
Volksbank Schupbach eG,2,2,82.067,small
Volksbank Schwanewede eG,0,0,53.369,small
Volksbank Schwarzwald-Neckar eG,0,2,518.661,medium
Volksbank Schwäbisch Gmünd eG,2,2,686.737,large
Volksbank Seligenstadt EG,2,2,111.053,small
Volksbank Selm-Bork eG,0,0,258.303,medium
Volksbank Senden eG,0,0,125.006,small
Volksbank Siegerland eG,0,0,1070.393,large
Volksbank Solling eG,0,0,317.942,medium
Volksbank Spree-Neiße eG,0,0,188.184,medium
Volksbank Sprockhövel eG,0,0,429.049,medium
Volksbank Stade-Cuxhaven eG,2,0,777.236,large
Volksbank Staufen eG,0,0,544.655,large
Volksbank Stein Eisingen eG,0,2,158.158,small
Volksbank Stendal eG,0,0,179.849,small
Volksbank Stormarn eG,2,0,495.115,medium
Volksbank Straubing eG,0,2,1033.171,large
Volksbank Strohgäu eG,0,0,506.392,medium
Volksbank Stutensee-Weingarten eG,2,0,582.985,large
Volksbank Stuttgart eG,0,0,4647.932,large
Volksbank Störmede eG,0,2,98.646,small
Volksbank Sulmtal eG,0,0,319.976,medium
Volksbank Süd-Emsland eG,2,2,572.325,large
Volksbank Südheide eG,2,0,687.126,large
Volksbank Südkirchen-Capelle-Nordkirchen eG,0,0,120.419,small
Volksbank Tettnang eG,0,0,586.317,large
Volksbank Thülen eG,0,0,77.501,small
Volksbank Triberg eG,0,0,386.634,medium
Volksbank Trier eG,2,0,708.159,large
Volksbank Trossingen eG,0,0,201.025,medium
Volksbank Tübingen eG,2,2,483.864,medium
Volksbank Uelzen-Salzwedel eG,0,0,629.753,large
Volksbank Ulm-Biberach eG,2,2,2160.962,large
Volksbank Ulrichstein eG,2,2,47.662,small
Volksbank Untere Saar eG,2,0,434.691,medium
Volksbank Vechelde-Wendeburg eG,2,2,171.831,small
Volksbank Vechta eG,2,2,722.996,large
Volksbank Versmold eG,0,0,141.578,small
Volksbank Viersen eG,0,0,701.471,large
Volksbank Vilshofen eG,0,0,288.171,medium
Volksbank Visbek eG,2,2,146.675,small
Volksbank Vogtland eG,0,0,382.734,medium
Volksbank Vorbach-Tauber eG,0,0,259.86,medium
Volksbank Wachtberg eG,0,0,102.432,small
Volksbank Weingarten eG,0,2,334.211,medium
Volksbank Weinheim eG,0,0,756.567,large
Volksbank Welzheim eG,2,2,178.577,small
Volksbank Weschnitztal eG,0,2,361.644,medium
Volksbank Weserbergland eG,0,0,321.568,medium
Volksbank Westenholz eG,2,2,51.147,small
Volksbank Westerkappeln-Wersen eG,2,2,126.583,small
Volksbank Westerstede eG,2,2,181.768,small
Volksbank Westliche Saar plus eG,0,0,368.687,medium
Volksbank Wewelsburg-Ahden eG,0,2,38.474,small
Volksbank Wildeshauser Geest eG,2,2,326.26,medium
Volksbank Winsener Marsch eG,2,2,113.814,small
Volksbank Wipperfürth-Lindlar eG,0,0,402.396,medium
Volksbank Wittenberg eG,0,0,129.756,small
Volksbank Wittgenstein eG,0,0,159.726,small
Volksbank Wittingen-Klötze eG,0,0,259.129,medium
Volksbank Wißmar eG,2,2,58.361,small
Volksbank Wolgast eG,2,2,126.122,small
Volksbank Worpswede eG,2,2,61.557,small
Volksbank Wulfsen eG,2,2,37.438,small
Volksbank Zuffenhausen eG,0,0,532.986,large
Volksbank Zwickau eG,0,0,150.344,small
Volksbank an der Niers eG,0,0,1850.046,large
Volksbank eG,2,2,646.505,large
Volksbank eG Bad Laer-Borgloh-Hilter-Melle,2,2,332.383,medium
Volksbank eG Bremerhaven-Cuxland,2,2,842.55,large
Volksbank eG Fredenbeck-Oldendorf-Ahlerstedt,2,2,170.644,small
Volksbank eG Gera • Jena • Rudolstadt,0,0,707.466,large
Volksbank eG Hildesheim-Lehrte-Pattensen,0,0,674.558,large
Volksbank eG Horb-Freudenstadt,0,0,632.777,large
Volksbank eG Mosbach,2,0,754.069,large
Volksbank eG Schwarzwald Baar Hegau,0,0,2601.005,large
Volksbank eG Westrhauderfehn,2,2,252.087,medium
Volksbank eG Wümme-Wieste,0,0,410.371,medium
"Volksbank eG, Adelebsen",0,0,76.388,small
"Volksbank eG, Ahlerstedt",2,2,44.193,small
"Volksbank eG, Eppertshausen",2,2,143.473,small
"Volksbank eG, Konstanz",0,0,913.198,large
"Volksbank eG, Löningen",2,2,201.001,medium
"Volksbank eG, Osterholz-Scharmbeck",2,2,1016.506,large
"Volksbank eG, Pattensen",0,0,1263.288,large
"Volksbank eG, Sangerhausen",0,0,118.446,small
"Volksbank eG, Seesen",0,0,615.706,large
"Volksbank eG, Sitz Überlingen",0,0,1192.867,large
"Volksbank eG, Steyerberg",0,0,350.244,medium
"Volksbank eG, Sulingen",2,2,498.754,medium
"Volksbank eG, Syke",0,2,621.128,large
"Volksbank eG, Waltrop",0,0,677.651,large
Volksbank im Harz eG,0,0,377.762,medium
Volksbank im Märkischen Kreis eG,0,0,1575.826,large
Volksbank im Ostmünsterland eG,2,0,202.317,medium
Volksbank im Wesertal eG,0,2,146.916,small
Volksbank in Schaumburg eG,2,0,874.906,large
Volksbank in der Ortenau eG,2,2,1578.594,large
Volksbank und Raiffeisenbank Eisenach eG,0,0,161.69,small
Volksbank Überherrn eG,2,2,71.471,small
Volksbank Überwald-Gorxheimertal eG,0,0,160.11,small
Volksbank-Raiffeisenbank Amberg eG,0,0,603.904,large
Volksbank-Raiffeisenbank Bayreuth eG,0,0,820.591,large
Volksbank-Raiffeisenbank Deggingen eingetragene Genossenschaft,0,0,120.168,small
Volksbank-Raiffeisenbank Dingolfing eG,0,2,320.319,medium
Volksbank-Raiffeisenbank Riedlingen eG,0,0,463.345,medium
Volksbank-Raiffeisenbank im Kreis Rendsburg eG,0,0,466.864,medium
Volksbanken-Verbund,2,2,67856.725,large
WIR Bank Genossenschaft,2,2,3019.823,large
Waldecker Bank eG,0,0,744.716,large
Walser Raiffeisen Holding eGen,2,0,84.524,small
West Bromwich Building Society,2,0,10212.295,large
Westdeutsche Genossenschafts-Zentralbank AG,0,0,90648.79999999999,large
Westerwald Bank eG Volks- und Raiffeisenbank,0,2,2020.232,large
Wiesbadener Volksbank eG,2,2,3249.651,large
Winterlinger Bank eG,0,0,153.904,small
Yorkshire Building Society,2,0,26072.16,large
Zevener Volksbank eG,2,2,428.437,medium
levoBank eG,2,2,540.557,large
vr bank Südthüringen eG,0,0,385.292,medium
vr bank Untertaunus eG,2,2,796.899,large
Østjydsk Bank A/S,3,2,811.425,large
